TeamA;TeamB;TSegment;T;Goalkeeper;ScoreA;ScoreB;Period;MatchStatus;Obtainingtheball;Technicalaction;Movement;Lenght;Orientation;Precision;Scoringopportunity
2;1;1;0:01:39;1;0;0;1;0;2;5;1;2;1;3;0
2;1;1;0:04:41;1;0;0;1;0;2;4;1;4;2;1;0
2;1;2;0:06:17;1;0;1;1;-1;2;4;1;4;2;2;0
2;1;2;0:07:59;1;0;1;1;-1;2;4;1;3;1;3;0
2;1;2;0:09:59;1;0;1;1;-1;2;1;1;2;2;3;0
2;1;3;0:11:01;1;0;1;1;-1;2;2;1;2;2;3;0
2;1;4;0:01:02;1;0;1;2;-1;2;1;1;2;3;3;0
2;1;4;0:01:47;1;0;1;2;-1;2;4;1;4;2;3;0
2;1;4;0:04:00;1;0;1;2;-1;2;1;1;4;3;3;0
2;1;5;0:07:07;1;0;1;2;-1;2;1;1;3;2;3;0
2;1;5;0:08:18;1;0;1;2;-1;2;4;1;4;2;3;0
2;1;5;0:09:20;1;0;1;2;-1;2;4;1;4;2;3;0
2;1;6;0:11:23;1;0;1;2;-1;2;1;1;4;3;2;0
2;1;2;0:05:47;2;0;1;1;1;2;1;0;1;3;1;1
2;1;2;0:07:46;2;0;1;1;1;2;4;1;3;1;1;1
2;1;4;0:00:07;2;0;1;2;1;1;4;1;1;2;1;0
2;1;4;0:01:53;2;0;1;2;1;1;5;1;1;1;1;0
2;1;4;0:04:07;2;0;1;2;1;2;1;0;1;1;1;0
2;1;5;0:07:46;2;0;1;2;1;2;1;1;1;3;1;0
2;1;6;0:11:31;2;0;1;2;1;2;5;1;1;1;1;0
3;1;1;0:01:15;1;0;0;1;0;2;5;1;1;1;1;0
3;1;1;0:01:20;1;0;0;1;0;1;4;1;1;3;1;0
3;1;1;0:01:31;1;0;0;1;0;1;4;1;2;2;2;0
3;1;1;0:01:39;1;0;0;1;0;2;5;1;1;2;1;0
3;1;1;0:02:16;1;0;0;1;0;2;5;1;1;1;1;0
3;1;2;0:07:18;1;0;0;1;0;2;1;1;2;3;3;0
3;1;1;0:02:30;2;0;0;1;0;2;5;1;1;1;1;0
3;1;2;0:05:33;2;0;0;1;0;2;1;1;1;1;1;0
3;1;2;0:09:20;1;0;1;1;-1;2;2;1;1;1;1;0
3;1;3;0:10:13;2;0;1;1;1;2;5;1;1;1;1;0
3;1;3;0:10:37;2;0;1;1;1;2;1;1;1;1;1;1
3;1;3;0:14:30;1;0;3;1;-1;2;1;1;1;1;1;0
3;1;3;0:14:46;1;0;3;1;-1;1;4;1;1;1;1;0
3;1;4;0:01:19;1;0;3;2;-1;2;5;1;1;3;1;0
3;1;4;0:04:01;1;0;3;2;-1;2;1;0;1;1;1;0
3;1;5;0:05:20;1;0;3;2;-1;2;5;1;1;1;1;0
3;1;5;0:06:41;1;0;3;2;-1;2;5;1;1;3;1;0
3;1;5;0:08:02;1;0;3;2;-1;2;1;1;1;1;1;0
3;1;6;0:11:03;1;0;3;2;-1;2;5;1;1;3;1;0
3;1;6;0:11:22;1;0;3;2;-1;1;4;1;1;1;1;0
3;1;3;0:14:03;2;0;3;1;1;2;4;1;1;2;3;0
3;1;3;0:15:08;2;0;3;1;1;2;5;1;1;2;1;0
3;1;4;0:02:18;2;0;3;2;1;2;1;1;2;2;1;0
3;1;4;0:04:42;2;0;3;2;1;1;4;1;1;2;1;0
3;1;5;0:05:02;2;0;3;2;1;2;4;1;2;2;1;1
3;1;6;0:10:33;2;0;3;2;1;2;4;1;1;2;1;0
3;1;6;0:14:50;1;0;5;2;-1;1;4;1;1;3;1;0
4;2;1;0:02:06;1;0;0;1;0;2;1;1;1;1;1;0
4;2;1;0:03:45;1;0;0;1;0;2;1;0;1;1;1;0
4;2;1;0:04:15;1;0;0;1;0;2;1;1;1;3;1;0
4;2;1;0:04:50;1;0;0;1;0;1;4;1;1;1;1;0
4;2;2;0:08:24;1;0;0;1;0;2;1;1;1;2;3;1
4;2;2;0:07:04;2;0;0;1;0;1;4;1;1;3;1;0
4;2;2;0:07:10;2;0;0;1;0;1;4;1;1;1;1;0
4;2;3;0:15:25;1;0;1;1;-1;2;5;1;1;1;1;0
4;2;4;0:00:39;1;0;1;2;-1;2;5;1;1;2;2;0
4;2;4;0:02:28;1;0;1;2;-1;1;5;1;1;3;1;0
4;2;5;0:07:39;1;0;1;2;-1;2;1;1;1;1;1;0
4;2;5;0:09:37;1;0;1;2;-1;2;4;1;3;2;3;0
4;2;6;0:11:33;1;0;1;2;-1;1;4;1;1;3;1;0
4;2;3;0:10:51;2;0;1;1;1;1;4;1;1;1;1;0
4;2;3;0:11:08;2;0;1;1;1;2;1;1;1;3;1;0
4;2;3;0:14:11;2;0;1;1;1;1;4;1;1;1;1;0
4;2;5;0:08:58;2;0;1;2;1;2;1;1;3;3;3;0
4;2;6;0:11:20;2;0;1;2;1;2;5;1;1;1;1;0
4;2;6;0:13:15;2;0;1;2;1;2;1;1;3;2;3;0
4;2;6;0:13:29;2;0;1;2;1;2;4;1;4;3;2;0
4;2;6;0:14:29;2;0;1;2;1;2;4;1;3;2;3;0
4;2;6;0:14:46;2;0;1;2;1;2;4;1;3;2;2;0
4;2;6;0:15:30;2;0;1;2;1;2;1;1;2;2;3;0
5;2;1;0:04:40;1;1;0;1;1;2;1;1;1;1;1;0
5;2;2;0:05:04;1;1;0;1;1;2;1;1;1;2;1;0
5;2;2;0:06:40;1;1;0;1;1;2;1;1;1;3;1;0
5;2;2;0:07:46;1;1;0;1;1;2;3;1;1;2;1;0
5;2;2;0:07:47;1;1;0;1;1;1;4;1;1;3;1;0
5;2;2;0:09:48;1;1;0;1;1;2;1;1;3;2;1;0
5;2;2;0:05:51;2;1;0;1;-1;1;4;1;1;3;1;0
5;2;2;0:05:59;2;1;0;1;-1;1;4;1;3;2;1;0
5;2;2;0:08:35;2;1;0;1;-1;2;4;1;4;2;3;0
5;2;2;0:09:32;2;1;0;1;-1;2;5;1;1;2;1;0
5;2;3;0:10:04;2;1;0;1;-1;2;4;1;3;1;3;0
5;2;3;0:10:41;2;1;0;1;-1;2;5;1;1;1;1;0
5;2;3;0:11:41;1;2;0;1;1;2;5;1;1;2;1;1
5;2;3;0:13:03;1;2;0;1;1;2;5;1;1;3;1;0
5;2;3;0:13:12;1;2;0;1;1;1;4;1;3;2;1;0
5;2;3;0:14:21;1;2;0;1;1;1;4;1;1;3;1;0
5;2;4;0:02:09;1;2;0;2;1;1;4;1;1;1;1;0
5;2;4;0:02:45;1;2;0;2;1;2;1;1;2;2;3;0
5;2;4;0:04:35;1;2;0;2;1;2;1;0;1;1;1;0
5;2;4;0:04:42;1;2;0;2;1;1;4;1;3;2;1;0
5;2;5;0:05:32;1;2;0;2;1;1;4;1;3;2;3;0
5;2;5;0:07:52;1;2;0;2;1;1;4;1;1;1;1;0
5;2;5;0:08:30;1;2;0;2;1;2;5;1;1;3;1;0
5;2;5;0:08:34;1;2;0;2;1;1;4;1;3;3;3;0
5;2;6;0:14:13;1;2;0;2;1;2;4;1;1;3;1;0
5;2;6;0:14:20;1;2;0;2;1;1;4;1;1;1;3;0
5;2;3;0:12:59;2;2;0;1;-1;1;4;1;4;2;3;0
5;2;4;0:01:38;2;2;0;2;-1;2;1;1;1;3;1;0
5;2;4;0:01:53;2;2;0;2;-1;1;4;1;2;1;3;0
5;2;5;0:07:38;2;2;0;2;-1;2;5;1;1;3;3;0
5;2;5;0:09:32;2;2;0;2;-1;2;1;1;3;2;3;0
5;2;6;0:10:20;2;2;0;2;-1;1;4;1;1;2;3;0
5;2;6;0:10:51;2;2;0;2;-1;2;1;1;3;2;3;0
2;3;1;0:01:11;1;0;0;1;0;2;2;1;1;1;1;0
2;3;2;0:09:15;1;0;0;1;0;2;1;1;1;3;1;0
2;3;3;0:10:01;1;0;0;1;0;2;1;1;1;1;1;0
2;3;3;0:11:20;1;0;0;1;0;2;5;1;1;1;1;0
2;3;3;0:14:00;1;0;0;1;0;2;4;1;2;2;2;0
2;3;4;0:03:37;1;0;0;2;0;2;1;1;2;3;3;1
2;3;5;0:05:59;1;0;0;2;0;1;4;1;2;2;2;0
2;3;1;0:00:46;2;0;0;1;0;1;4;1;1;3;1;0
2;3;1;0:02:30;2;0;0;1;0;1;4;1;3;2;2;0
2;3;1;0:03:06;2;0;0;1;0;1;4;1;1;1;1;0
2;3;1;0:04:12;2;0;0;1;0;2;1;1;1;3;1;1
2;3;2;0:08:07;2;0;0;1;0;2;5;1;1;3;1;0
2;3;3;0:14:24;2;0;0;1;0;2;5;1;1;3;1;0
2;3;3;0:15:21;2;0;0;1;0;2;1;1;1;3;1;0
2;3;4;0:01:06;2;0;0;2;0;2;1;1;1;3;1;0
2;3;4;0:02:07;2;0;0;2;0;2;1;1;1;3;1;0
2;3;4;0:02:26;2;0;0;2;0;1;4;1;1;3;1;0
2;3;4;0:04:00;2;0;0;2;0;2;5;1;1;3;1;0
2;3;5;0:06:25;2;0;0;2;0;2;5;1;1;3;1;0
2;3;5;0:09:07;1;0;1;2;-1;1;4;1;1;1;1;0
2;3;6;0:13:39;1;0;1;2;-1;1;4;1;3;3;3;0
2;3;6;0:13:13;2;0;1;2;1;2;5;1;1;3;1;0
5;3;1;0:00:33;1;0;0;1;0;1;4;1;1;3;1;0
5;3;1;0:02:54;1;0;0;1;0;2;1;1;1;3;1;0
5;3;1;0:03:10;1;0;0;1;0;2;5;1;1;1;1;0
5;3;2;0:06:29;1;0;0;1;0;2;4;1;1;2;1;0
5;3;2;0:06:34;1;0;0;1;0;1;5;1;3;2;2;0
5;3;2;0:09:47;1;0;0;1;0;1;4;1;3;3;3;0
5;3;4;0:01:20;1;0;0;2;0;2;4;1;1;3;1;0
5;3;4;0:04:49;1;0;0;2;0;2;5;1;1;1;1;0
5;3;5;0:06:24;1;0;0;2;0;2;5;0;1;3;1;0
5;3;5;0:06:50;1;0;0;2;0;2;1;1;1;1;1;0
5;3;5;0:06:56;1;0;0;2;0;1;4;1;3;2;3;0
5;3;5;0:09:38;1;0;0;2;0;2;5;1;1;3;1;0
5;3;6;0:11:24;1;0;0;2;0;1;4;1;2;1;3;0
5;3;1;0:00:50;2;0;0;1;0;2;1;0;1;3;1;0
5;3;2;0:08:45;2;0;0;1;0;2;5;0;1;3;1;0
5;3;2;0:09:18;2;0;0;1;0;2;1;1;1;1;1;0
5;3;2;0:09:49;2;0;0;1;0;1;5;1;1;3;1;0
5;3;3;0:10:43;2;0;0;1;0;2;1;1;1;1;1;0
5;3;3;0:12:47;2;0;0;1;0;2;1;1;1;3;1;0
5;3;4;0:04:44;2;0;0;2;0;1;4;1;4;2;3;0
5;3;5;0:05:25;2;0;0;2;0;2;1;1;1;1;1;0
5;3;5;0:08:56;2;0;0;2;0;2;4;1;1;1;1;0
5;3;6;0:10:42;2;0;0;2;0;2;1;1;1;1;1;0
5;3;6;0:12:25;2;0;0;2;0;2;1;1;2;2;3;0
5;3;6;0:13:27;1;1;0;2;1;2;1;1;3;2;3;0
5;3;6;0:14:17;1;1;0;2;1;2;1;1;3;3;3;0
1;4;1;0:01:39;1;0;0;1;0;1;4;1;1;1;1;0
1;4;1;0:01:59;1;0;0;1;0;1;4;1;1;2;1;0
1;4;1;0:03:13;1;0;0;1;0;1;4;1;1;1;1;0
1;4;1;0:03:31;1;0;0;1;0;1;4;1;1;1;1;0
1;4;2;0:09:43;1;0;0;1;0;2;4;1;1;1;1;1
1;4;3;0:11:55;1;0;0;1;0;2;5;1;1;3;1;1
1;4;3;0:13:14;1;0;0;1;0;1;4;1;1;2;1;0
1;4;3;0:13:30;1;0;0;1;0;2;4;1;1;1;1;0
1;4;4;0:00:21;1;0;0;2;0;1;4;1;1;3;1;1
1;4;4;0:04:27;1;0;0;2;0;2;1;1;1;3;1;0
1;4;1;0:01:26;2;0;0;1;0;1;4;1;3;1;3;0
1;4;2;0:05:59;2;0;0;1;0;2;1;1;1;1;1;0
1;4;2;0:08:23;2;0;0;1;0;2;1;1;1;2;1;0
1;4;2;0:09:37;2;0;0;1;0;2;1;1;4;3;3;0
1;4;3;0:10:10;2;0;0;1;0;2;1;1;1;1;1;0
1;4;3;0:11:48;2;0;0;1;0;2;4;1;4;2;3;0
1;4;3;0:12:52;2;0;0;1;0;2;1;1;2;3;3;0
1;4;3;0:15:14;2;0;0;1;0;2;1;1;3;2;3;0
1;4;3;0:15:46;2;0;0;1;0;2;1;1;3;2;3;0
1;4;4;0:01:15;2;0;0;2;0;2;4;1;3;2;3;0
1;4;5;0:05:05;2;0;0;2;0;2;4;1;3;2;3;0
1;4;5;0:06:01;2;0;0;2;0;2;1;1;3;2;3;0
1;4;5;0:06:04;2;0;0;2;0;2;5;1;1;3;3;0
1;4;5;0:07:24;2;0;0;2;0;2;4;1;3;1;2;0
1;4;6;0:10:28;2;0;0;2;0;2;1;1;3;3;3;0
1;4;6;0:13:29;2;0;0;2;0;2;4;1;2;3;3;0
3;4;1;0:00:57;1;0;0;1;0;1;4;1;1;3;1;0
3;4;2;0:05:04;1;0;0;1;0;2;1;1;1;3;1;0
3;4;2;0:05:54;1;0;0;1;0;2;5;1;1;3;1;0
3;4;2;0:09:59;1;0;0;1;0;1;4;1;1;3;1;0
3;4;3;0:12:20;1;0;0;1;0;2;5;1;1;3;1;0
3;4;1;0:04:23;2;0;0;1;0;2;1;1;2;2;3;0
3;4;2;0:05:22;2;0;0;1;0;2;1;1;2;2;3;0
3;4;2;0:06:11;2;0;0;1;0;2;4;1;3;2;2;0
3;4;2;0:08:18;2;0;0;1;0;2;1;1;2;2;2;0
3;4;2;0:09:06;2;0;0;1;0;2;1;1;3;3;2;0
3;4;3;0:10:52;2;0;0;1;0;2;4;1;2;3;3;0
3;4;3;0:12:54;2;0;0;1;0;2;5;1;1;1;1;0
3;4;3;0:13:23;2;0;0;1;0;2;5;1;1;1;1;0
3;4;4;0:00:57;1;0;1;2;-1;1;4;1;1;3;1;0
3;4;5;0:05:04;1;0;1;2;-1;2;1;1;1;3;1;0
3;4;5;0:05:54;1;0;1;2;-1;2;5;1;1;3;1;0
3;4;5;0:09:59;1;0;1;2;-1;1;4;1;1;3;1;0
3;4;6;0:12:20;1;0;1;2;-1;2;5;1;1;3;1;0
3;4;4;0:04:23;2;0;1;2;1;2;1;1;2;2;3;0
3;4;5;0:05:22;2;0;1;2;1;2;1;1;2;2;3;0
3;4;5;0:06:11;2;0;1;2;1;2;4;1;3;2;2;0
3;4;5;0:08:18;2;0;1;2;1;2;1;1;2;2;2;0
3;4;5;0:09:06;2;0;1;2;1;2;1;1;3;3;2;0
3;4;6;0:10:52;2;0;1;2;1;2;4;1;2;3;3;0
3;4;6;0:12:54;2;0;1;2;1;2;5;1;1;1;1;0
3;4;6;0:13:23;2;0;1;2;1;2;5;1;1;1;1;0
1;5;1;0:04:00;1;0;0;1;0;2;1;0;1;3;1;0
1;5;2;0:09:00;1;0;0;1;0;2;1;1;1;1;1;1
1;5;1;0:01:00;2;0;0;1;0;2;5;1;1;1;1;0
1;5;1;0:02:00;2;0;0;1;0;1;5;0;1;2;1;0
1;5;1;0:03:00;2;0;0;1;0;2;1;1;1;2;1;0
1;5;2;0:05:00;2;0;0;1;0;2;1;1;2;1;3;0
1;5;2;0:07:00;2;0;0;1;0;2;1;1;1;1;1;0
1;5;3;0:10:00;2;0;0;1;0;2;5;1;1;1;1;0
1;5;3;0:10:20;2;0;0;1;0;2;5;1;1;1;1;0
1;5;3;0:10:40;2;0;0;1;0;2;1;0;1;3;1;0
1;5;3;0:11:00;2;0;0;1;0;2;1;0;1;3;1;0
1;5;4;0:04:00;1;1;0;2;1;1;5;1;3;2;1;0
1;5;5;0:05:00;1;1;0;2;1;2;5;1;1;3;1;0
1;5;5;0:05:30;1;1;0;2;1;2;5;1;4;2;3;1
1;5;5;0:09:00;1;1;0;2;1;2;5;1;2;2;2;0
1;5;6;0:10:00;1;1;0;2;1;2;5;1;3;2;3;0
1;5;6;0:13:00;1;1;0;2;1;2;1;0;1;3;1;0
1;5;6;0:14:00;1;1;0;2;1;2;1;0;1;3;1;0
1;5;4;0:03:00;2;1;0;2;-1;2;1;0;1;3;1;0
1;5;5;0:08:00;2;1;0;2;-1;2;5;1;4;2;3;1
1;5;6;0:11:00;2;1;0;2;-1;2;4;1;1;3;3;0
1;5;6;0:12:00;2;1;0;2;-1;2;1;0;1;3;1;0
1;5;6;0:14:00;2;1;0;2;-1;2;1;0;1;1;1;0
4;5;1;0:03:18;1;0;0;1;0;2;1;1;2;1;2;1
4;5;1;0:01:20;2;0;0;1;0;2;4;1;1;1;1;0
4;5;1;0:04:37;2;0;0;1;0;2;4;1;1;1;1;0
4;5;1;0:04:46;2;0;0;1;0;1;4;1;2;1;3;0
4;5;2;0:05:23;2;0;0;1;0;1;4;1;3;2;2;0
4;5;2;0:08:33;1;1;0;1;1;2;1;1;2;2;3;0
4;5;2;0:09:30;1;1;0;1;1;2;1;1;3;3;2;1
4;5;3;0:10:40;1;1;0;1;1;2;1;1;3;2;2;0
4;5;3;0:10:42;1;1;0;1;1;1;4;1;3;1;3;0
4;5;3;0:13:34;1;1;0;1;1;1;4;1;2;3;2;0
4;5;4;0:00:57;1;1;0;2;1;1;4;1;3;1;3;0
4;5;4;0:01:30;1;1;0;2;1;2;5;1;1;3;1;0
4;5;4;0:02:02;1;1;0;2;1;2;5;1;1;3;1;0
4;5;4;0:02:03;1;1;0;2;1;2;4;1;2;2;3;0
4;5;4;0:02:18;1;1;0;2;1;1;4;1;3;3;3;0
4;5;3;0:10:52;2;1;0;1;-1;1;4;1;1;1;1;0
4;5;3;0:11:42;2;1;0;1;-1;2;5;1;1;3;1;0
4;5;3;0:11:52;2;1;0;1;-1;1;4;1;1;1;1;0
4;5;3;0:12:06;2;1;0;1;-1;2;5;1;1;2;1;0
4;5;4;0:02:58;2;1;0;2;-1;2;1;1;3;2;3;0
4;5;5;0:05:38;1;2;0;2;1;2;5;1;1;1;1;0
4;5;5;0:06:23;1;2;0;2;1;1;4;1;3;1;3;0
4;5;5;0:07:43;1;2;0;2;1;1;4;1;4;3;2;1
4;5;6;0:10:17;1;2;0;2;1;2;1;1;2;2;3;0
4;5;5;0:07:57;2;2;0;2;-1;2;4;1;4;2;3;0
4;5;5;0:08:24;2;2;0;2;-1;2;4;1;2;2;1;1
4;5;5;0:09:04;2;2;0;2;-1;2;5;1;1;2;1;0
8;6;1;0:00:52;1;0;0;1;0;2;2;1;1;1;1;1
8;6;1;0:03:36;1;0;0;1;0;2;1;0;1;3;1;0
8;6;1;0:04:34;1;0;0;1;0;2;1;1;2;3;3;0
8;6;2;0:06:00;1;0;0;1;0;2;2;0;1;1;1;0
8;6;2;0:06:02;1;0;0;1;0;1;4;1;1;3;1;1
8;6;2;0:06:31;1;0;0;1;0;2;4;1;2;2;2;0
8;6;1;0:01:56;2;0;0;1;0;2;4;1;3;2;3;0
8;6;1;0:02:21;2;0;0;1;0;2;1;1;3;2;3;0
8;6;1;0:04:52;2;0;0;1;0;2;4;1;3;1;3;0
8;6;2;0:09:33;1;0;1;1;-1;2;5;1;3;1;1;0
8;6;3;0:10:37;1;0;1;1;-1;2;5;1;1;1;1;0
8;6;3;0:12:17;1;0;1;1;-1;2;1;1;1;3;1;0
8;6;3;0:12:23;1;0;1;1;-1;1;4;1;3;3;3;0
8;6;4;0:01:55;1;0;1;2;-1;2;5;1;1;1;1;0
8;6;4;0:02:52;1;0;1;2;-1;1;4;1;1;3;1;0
8;6;2;0:09:11;2;0;1;1;1;2;5;1;1;3;1;1
8;6;3;0:11:04;2;0;1;1;1;1;4;1;1;3;1;1
8;6;3;0:12:44;2;0;1;1;1;2;1;1;1;1;1;0
8;6;3;0:13:35;2;0;1;1;1;2;1;0;1;3;3;0
8;6;3;0:14:20;2;0;1;1;1;2;5;1;1;1;1;0
8;6;4;0:04:22;1;1;1;2;0;1;4;1;1;2;1;0
8;6;5;0:05:12;1;1;1;2;0;2;4;1;4;2;1;1
8;6;5;0:06:27;1;1;1;2;0;2;5;1;1;1;1;0
8;6;5;0:06:54;1;1;1;2;0;1;4;1;1;2;3;0
8;6;5;0:05:17;2;1;1;2;0;2;5;1;1;3;1;0
8;6;5;0:07:09;1;2;1;2;1;2;4;1;3;2;2;1
8;6;5;0:09:49;1;2;1;2;1;2;1;1;2;2;3;0
8;6;6;0:10:51;1;2;1;2;1;2;1;1;4;1;3;0
8;6;6;0:11:43;1;2;1;2;1;2;4;1;4;2;3;0
8;6;6;0:14:19;1;2;1;2;1;2;1;1;4;2;3;0
8;6;5;0:08:05;2;2;1;2;-1;2;1;1;1;3;1;0
8;6;5;0:09:08;2;2;1;2;-1;2;1;1;1;3;1;0
6;7;1;0:01:59;1;0;0;1;0;2;1;1;1;3;1;0
6;7;1;0:04:27;1;0;0;1;0;2;5;1;1;3;1;0
6;7;2;0:06:19;1;0;0;1;0;2;5;1;1;1;1;0
6;7;2;0:06:23;1;0;0;1;0;1;4;1;1;3;1;0
6;7;3;0:11:18;1;0;0;1;0;2;1;1;1;3;1;0
6;7;3;0:13:59;1;0;0;1;0;2;5;1;1;3;1;0
6;7;1;0:00:46;2;0;0;1;0;1;4;1;1;2;1;0
6;7;1;0:01:17;2;0;0;1;0;2;1;1;1;3;1;1
6;7;1;0:03:35;2;0;0;1;0;2;1;1;1;1;1;0
6;7;2;0:09:40;2;0;0;1;0;2;1;1;1;3;1;0
6;7;3;0:13:53;2;0;0;1;0;2;5;1;2;2;1;1
6;7;4;0:01:58;1;1;0;2;1;2;5;1;1;3;1;0
6;7;4;0:03:08;1;1;0;2;1;2;1;1;1;1;1;0
6;7;4;0:04:18;1;1;0;2;1;2;1;1;1;1;1;0
6;7;4;0:04:28;1;1;0;2;1;2;4;1;1;1;1;0
6;7;5;0:05:03;1;1;0;2;1;2;5;1;1;3;1;0
6;7;5;0:05:55;1;1;0;2;1;2;1;0;1;3;1;0
6;7;5;0:05:59;1;1;0;2;1;1;5;1;2;1;3;0
6;7;5;0:06:32;1;1;0;2;1;2;5;1;1;1;1;0
6;7;5;0:07:16;1;1;0;2;1;1;5;1;3;2;3;0
6;7;5;0:08:30;1;1;0;2;1;2;1;1;1;2;1;0
6;7;6;0:10:00;1;1;0;2;1;2;1;1;1;1;1;0
6;7;6;0:10:10;1;1;0;2;1;1;4;1;2;2;3;0
6;7;4;0:03:24;2;1;0;2;-1;2;5;1;1;1;1;0
6;7;5;0:06:56;2;1;0;2;-1;2;5;1;1;2;1;0
6;7;5;0:07:42;2;1;0;2;-1;2;5;1;1;3;1;1
6;7;6;0:10:17;2;1;0;2;-1;1;4;1;2;3;3;0
6;7;6;0:12:05;1;1;1;2;0;2;5;1;1;1;1;0
6;7;6;0:14:13;1;1;1;2;0;1;4;1;1;3;1;0
6;7;6;0:11:23;2;1;1;2;0;2;5;1;1;3;1;1
6;7;6;0:13:47;2;1;1;2;0;1;4;1;1;2;1;0
6;7;6;0:14:33;2;1;1;2;0;2;5;1;1;3;1;0
9;7;1;0:03:03;1;0;0;1;0;2;1;1;3;2;3;0
9;7;1;0:03:32;1;0;0;1;0;2;1;1;3;2;3;0
9;7;1;0:04:02;1;0;0;1;0;2;4;1;4;3;1;0
9;7;1;0:04:31;1;0;0;1;0;2;4;1;4;3;3;0
9;7;2;0:06:04;1;0;0;1;0;2;4;1;4;1;3;0
9;7;1;0:01:42;2;0;0;1;0;1;4;1;1;1;1;0
9;7;1;0:03:42;2;0;0;1;0;1;4;1;3;1;1;1
9;7;1;0:04:06;2;0;0;1;0;2;5;1;1;2;1;0
9;7;2;0:06:53;2;0;0;1;0;2;1;1;1;3;1;0
9;7;3;0:10:46;1;1;0;1;1;2;4;1;4;1;3;0
9;7;3;0:14:04;1;1;0;1;1;2;4;1;4;3;3;0
9;7;3;0:15:48;1;1;0;1;1;2;4;1;4;3;3;0
9;7;3;0:16:23;1;1;0;1;1;2;4;1;4;2;3;0
9;7;4;0:01:25;1;1;0;2;1;2;1;1;4;2;3;0
9;7;4;0:04:58;1;1;0;2;1;2;1;1;3;2;3;0
9;7;5;0:05:35;1;1;0;2;1;1;1;1;3;1;3;0
9;7;5;0:08:12;1;1;0;2;1;2;1;1;3;2;3;0
9;7;5;0:08:41;1;1;0;2;1;2;1;1;4;2;3;0
9;7;6;0:11:23;1;1;0;2;1;2;4;1;2;2;3;0
9;7;6;0:13:10;1;1;0;2;1;2;1;1;3;2;3;0
9;7;6;0:14:34;1;1;0;2;1;2;4;1;4;2;3;0
9;7;3;0:14:05;2;1;0;1;-1;2;5;1;1;2;1;0
9;7;3;0:15:53;2;1;0;1;-1;2;2;1;1;3;1;0
9;7;4;0:02:17;2;1;0;2;-1;2;5;1;1;1;1;0
9;7;4;0:02:52;2;1;0;2;-1;2;5;1;1;1;1;0
9;7;4;0:02:58;2;1;0;2;-1;1;4;1;1;3;1;0
9;7;5;0:06:52;2;1;0;2;-1;2;1;1;2;1;2;0
9;7;5;0:07:12;2;1;0;2;-1;1;4;1;4;2;2;0
9;7;6;0:10:45;2;1;0;2;-1;2;4;1;3;2;2;0
9;7;6;0:11:01;2;1;0;2;-1;2;1;1;1;2;1;0
9;7;6;0:11:06;2;1;0;2;-1;1;4;1;1;1;1;0
9;7;6;0:13:32;2;1;0;2;-1;2;4;1;1;3;3;0
9;7;6;0:13:50;2;1;0;2;-1;2;1;1;3;2;2;1
9;7;6;0:15:03;2;1;0;2;-1;2;5;1;2;1;1;0
7;8;1;0:00:52;1;0;0;1;0;1;4;1;2;2;2;0
7;8;1;0:01:33;1;0;0;1;0;2;3;1;1;3;1;0
7;8;1;0:02:49;1;0;0;1;0;1;4;1;3;1;3;0
7;8;2;0:05:06;1;0;0;1;0;1;4;1;3;2;2;0
7;8;2;0:06:23;1;0;0;1;0;2;1;1;1;3;1;0
7;8;2;0:06:25;1;0;0;1;0;1;4;1;1;2;3;0
7;8;2;0:09:10;1;0;0;1;0;1;4;1;1;3;1;0
7;8;2;0:09:31;1;0;0;1;0;2;1;1;1;2;1;0
7;8;2;0:09:37;1;0;0;1;0;1;4;1;1;1;1;0
7;8;2;0:09:43;1;0;0;1;0;1;4;1;3;1;3;0
7;8;3;0:10:23;1;0;0;1;0;2;5;1;1;3;1;0
7;8;3;0:10:30;1;0;0;1;0;1;4;1;2;3;3;0
7;8;4;0:01:22;1;0;0;2;0;2;4;1;4;2;2;1
7;8;4;0:01:55;1;0;0;2;0;2;4;1;4;1;3;0
7;8;5;0:06:50;1;0;0;2;0;1;4;1;3;2;2;0
7;8;5;0:07:10;1;0;0;2;0;2;3;1;1;2;1;0
7;8;1;0:01:52;2;0;0;1;0;1;4;1;1;2;1;0
7;8;1;0:03:59;2;0;0;1;0;2;1;1;3;2;3;0
7;8;2;0:05:47;2;0;0;1;0;2;3;1;1;1;1;0
7;8;2;0:07:41;2;0;0;1;0;2;1;1;1;3;1;0
7;8;2;0:08:29;2;0;0;1;0;2;1;1;1;3;1;0
7;8;2;0:08:36;2;0;0;1;0;1;4;1;1;1;1;0
7;8;3;0:15:11;2;0;0;1;0;2;1;1;3;1;1;0
7;8;3;0:15:21;2;0;0;1;0;1;4;1;1;2;3;0
7;8;4;0:01:41;2;0;0;2;0;2;1;1;3;2;2;0
7;8;4;0:02:25;2;0;0;2;0;2;4;1;3;2;3;0
7;8;4;0:02:42;2;0;0;2;0;2;4;1;4;2;3;0
7;8;4;0:04:36;2;0;0;2;0;2;1;1;3;2;3;0
7;8;5;0:06:36;2;0;0;2;0;2;1;1;3;3;1;0
7;8;5;0:07:26;2;0;0;2;0;2;4;1;4;2;1;0
7;8;6;0:11:51;2;1;1;2;0;2;1;1;4;2;3;0
7;8;6;0:13:21;2;2;1;2;-1;2;1;1;2;2;3;0
7;8;6;0:14:19;2;2;1;2;-1;2;4;1;3;2;3;0
7;8;6;0:15:02;2;2;1;2;-1;2;4;1;3;2;3;0
7;8;6;0:15:11;2;2;1;2;-1;2;4;1;3;2;3;0
7;8;6;0:15:36;2;2;1;2;-1;2;1;1;3;2;3;0
9;8;1;0:01:21;2;0;0;1;0;1;4;1;1;3;3;0
9;8;1;0:02:27;2;0;0;1;0;2;1;1;1;3;3;0
9;8;2;0:05:44;1;2;0;1;1;2;4;1;1;3;1;0
9;8;2;0:07:32;1;2;0;1;1;2;1;1;4;2;3;0
9;8;2;0:08:12;1;2;0;1;1;2;1;1;3;2;1;0
9;8;3;0:10:46;1;2;0;1;1;2;4;1;3;3;3;0
9;8;3;0:12:39;1;2;0;1;1;2;4;1;3;3;2;0
9;8;3;0:16:20;1;2;0;1;1;2;4;1;3;3;3;0
9;8;4;0:02:47;1;2;0;2;1;2;1;1;3;2;3;0
9;8;4;0:03:52;1;2;0;2;1;2;1;1;3;2;2;0
9;8;4;0:04:55;1;2;0;2;1;2;1;1;1;3;1;0
9;8;5;0:08:41;1;2;0;2;1;1;4;1;1;3;3;0
9;8;5;0:09:19;1;2;0;2;1;2;4;1;4;1;3;0
9;8;2;0:05:00;2;2;0;1;-1;2;5;1;1;3;1;0
9;8;2;0:05:12;2;2;0;1;-1;1;4;1;1;2;2;0
9;8;2;0:07:40;2;2;0;1;-1;2;5;1;1;1;1;0
9;8;3;0:10:14;2;2;0;1;-1;2;4;1;1;1;1;0
9;8;3;0:10:22;2;2;0;1;-1;1;4;1;2;2;2;1
9;8;3;0:11:38;2;2;0;1;-1;2;4;1;2;3;1;0
9;8;3;0:11:50;2;2;0;1;-1;2;5;1;2;3;1;0
9;8;3;0:13:06;2;2;0;1;-1;2;1;0;1;3;3;0
9;8;4;0:04:12;2;2;0;2;-1;2;4;1;3;2;2;0
9;8;5;0:06:34;2;2;0;2;-1;2;1;1;3;2;2;0
9;8;5;0:07:19;2;2;0;2;-1;2;4;1;4;1;2;0
9;8;5;0:08:00;2;2;0;2;-1;2;1;1;3;2;3;0
9;8;5;0:08:15;2;2;0;2;-1;1;4;1;2;3;2;0
9;8;5;0:09:32;2;2;0;2;-1;2;4;1;4;2;2;0
9;8;6;0:10:15;2;2;0;2;-1;2;2;1;4;2;2;0
9;8;6;0:11:37;2;2;0;2;-1;2;4;1;3;2;2;1
6;9;1;0:01:34;1;0;0;1;0;1;4;1;2;1;3;0
6;9;1;0:02:50;1;0;0;1;0;2;5;1;1;3;1;0
6;9;1;0:03:19;1;0;0;1;0;2;5;1;1;1;1;0
6;9;1;0:04:59;1;0;0;1;0;2;1;1;1;3;1;0
6;9;2;0:06:17;1;0;0;1;0;2;1;1;1;3;1;0
6;9;2;0:06:28;1;0;0;1;0;1;4;1;2;2;2;1
6;9;2;0:07:34;1;0;0;1;0;2;4;1;2;2;3;0
6;9;2;0:07:41;1;0;0;1;0;2;5;1;1;2;1;0
6;9;2;0:09:24;1;0;0;1;0;2;1;0;1;3;1;0
6;9;2;0:09:28;1;0;0;1;0;1;4;1;3;3;3;0
6;9;2;0:09:36;1;0;0;1;0;2;5;1;1;1;1;0
6;9;3;0:10:01;1;0;0;1;0;2;5;1;1;1;1;0
6;9;3;0:11:44;1;0;0;1;0;1;4;1;1;1;1;0
6;9;3;0:14:55;1;0;0;1;0;2;5;1;1;1;1;0
6;9;3;0:15:30;1;0;0;1;0;2;4;1;1;3;1;0
6;9;3;0:15:45;1;0;0;1;0;2;5;1;1;3;1;0
6;9;4;0:01:17;1;0;0;2;0;2;5;1;1;1;1;0
6;9;4;0:02:14;1;0;0;2;0;1;4;1;2;2;3;0
6;9;4;0:02:29;1;0;0;2;0;2;1;1;1;1;1;0
6;9;5;0:05:04;1;0;0;2;0;2;4;1;4;1;3;0
6;9;2;0:06:53;2;0;0;1;0;2;4;1;3;1;1;0
6;9;3;0:12:08;2;0;0;1;0;1;4;1;1;3;1;0
6;9;3;0:12:41;2;0;0;1;0;2;1;1;3;2;3;0
6;9;4;0:02:10;2;0;0;2;0;2;1;1;3;2;3;0
6;9;4;0:03:21;2;0;0;2;0;2;1;1;3;3;3;0
6;9;5;0:06:12;2;0;0;2;0;2;1;1;3;2;3;0
6;9;6;0:11:43;1;1;2;2;-1;2;5;1;1;3;1;0
6;9;6;0:14:14;1;1;2;2;-1;2;1;0;1;3;1;0
6;9;6;0:14:44;1;1;2;2;-1;2;5;1;1;1;1;0
6;9;6;0:15:06;1;1;2;2;-1;2;4;1;2;2;3;0
6;9;6;0:13:15;2;1;2;2;1;2;1;1;4;2;3;0
10;9;1;0:01:50;1;0;0;1;0;2;4;1;3;2;3;0
10;9;1;0:02:44;1;0;0;1;0;2;1;1;3;2;3;0
10;9;3;0:11:01;1;0;0;1;0;2;4;1;4;2;3;0
10;9;1;0:04:24;2;0;0;1;0;1;4;1;3;2;2;0
10;9;1;0:04:38;2;0;0;1;0;1;4;1;4;2;3;0
10;9;2;0:06:56;2;0;0;1;0;1;4;1;1;1;1;0
10;9;2;0:07:05;2;0;0;1;0;2;4;1;1;3;1;0
10;9;2;0:08:01;2;0;0;1;0;2;4;1;4;2;3;0
10;9;3;0:10:45;2;0;0;1;0;2;4;1;4;2;3;0
10;9;3;0:11:23;2;0;0;1;0;1;4;1;3;2;3;0
10;9;3;0:13:56;2;0;0;1;0;2;4;1;4;2;3;0
10;9;5;0:05:11;1;0;1;2;-1;2;1;1;4;1;3;0
10;9;5;0:08:48;1;0;1;2;-1;2;4;1;4;2;3;0
10;9;4;0:03:18;2;0;1;2;1;2;1;1;3;1;2;0
10;9;4;0:04:27;2;0;1;2;1;2;1;1;3;2;1;0
10;9;5;0:07:17;2;0;1;2;1;2;4;1;4;1;1;0
10;9;5;0:08:19;2;0;1;2;1;2;1;1;3;1;3;0
10;9;5;0:09:08;2;0;1;2;1;2;4;1;3;3;3;0
10;9;6;0:11:39;2;0;2;2;1;2;4;1;4;2;3;0
10;9;6;0:15:18;2;0;2;2;1;2;4;1;4;1;3;0
6;10;1;0:02:20;1;0;0;1;0;2;5;0;1;1;1;0
6;10;1;0:03:29;1;0;0;1;0;2;5;1;1;3;1;0
6;10;2;0:08:30;1;0;0;1;0;2;4;1;1;3;1;0
6;10;3;0:12:06;1;0;0;1;0;2;5;1;1;3;1;1
6;10;3;0:15:14;1;0;0;1;0;2;5;0;1;1;3;0
6;10;4;0:01:11;1;0;0;2;0;2;5;1;1;1;1;0
6;10;4;0:01:38;1;0;0;2;0;2;5;1;1;1;1;0
6;10;4;0:02:24;1;0;0;2;0;2;5;0;1;1;1;0
6;10;5;0:06:15;1;0;0;2;0;2;1;1;1;3;1;0
6;10;5;0:09:27;1;0;0;2;0;2;1;1;1;1;1;0
6;10;6;0:10:47;1;0;0;2;0;1;5;1;1;1;3;0
6;10;6;0:11:39;1;0;0;2;0;2;1;1;1;1;1;0
6;10;6;0:12:03;1;0;0;2;0;2;1;1;1;3;1;1
6;10;1;0:02:54;2;0;0;1;0;2;4;1;3;2;3;0
6;10;2;0:06:40;2;0;0;1;0;2;1;1;1;3;1;0
6;10;2;0:07:49;2;0;0;1;0;2;4;1;4;2;3;0
6;10;2;0:09:37;2;0;0;1;0;2;1;1;2;2;3;0
6;10;3;0:11:30;2;0;0;1;0;2;1;1;3;2;3;0
6;10;3;0:12:32;2;0;0;1;0;2;4;1;4;1;3;0
6;10;3;0:15:02;2;0;0;1;0;2;1;1;1;3;1;1
6;10;3;0:16:27;2;0;0;1;0;2;1;1;3;2;3;0
6;10;4;0:04:37;2;0;0;2;0;2;1;1;1;3;1;1
6;10;4;0:04:54;2;0;0;2;0;2;5;1;1;3;1;1
6;10;5;0:05:33;2;0;0;2;0;2;1;1;2;2;3;0
7;10;1;0:02:01;1;0;0;1;0;2;5;1;1;3;1;0
7;10;1;0:02:59;1;0;0;1;0;2;1;1;1;3;1;0
7;10;2;0:05:56;1;0;0;1;0;1;4;1;2;1;2;0
7;10;2;0:07:55;1;0;0;1;0;2;4;1;3;2;2;0
7;10;2;0:09:22;1;0;0;1;0;2;5;0;1;1;1;0
7;10;3;0:11:40;1;0;0;1;0;2;1;1;3;2;1;0
7;10;3;0:14:30;1;0;0;1;0;2;1;1;1;1;1;0
7;10;4;0:01:19;1;0;0;2;0;2;5;1;1;2;1;0
7;10;5;0:06:53;1;0;0;2;0;2;5;1;1;1;1;0
7;10;5;0:06:59;1;0;0;2;0;1;4;1;1;3;3;0
7;10;5;0:09:08;1;0;0;2;0;1;4;1;1;3;1;0
7;10;6;0:13:26;1;0;0;2;0;2;1;1;2;2;3;0
7;10;1;0:00:28;2;0;0;1;0;2;4;1;4;3;3;0
7;10;1;0:01:44;2;0;0;1;0;2;1;1;1;3;1;0
7;10;1;0:03:46;2;0;0;1;0;2;1;1;1;3;1;0
7;10;2;0:05:31;2;0;0;1;0;2;3;1;1;3;1;0
7;10;2;0:06:54;2;0;0;1;0;2;1;1;1;3;1;0
7;10;2;0:07:35;2;0;0;1;0;2;1;1;3;2;3;0
7;10;3;0:11:07;2;0;0;1;0;2;1;1;3;2;1;0
7;10;3;0:12:26;2;0;0;1;0;2;2;1;3;2;3;0
7;10;3;0:13:43;2;0;0;1;0;2;1;1;3;3;3;0
7;10;4;0:01:19;2;0;0;2;0;2;1;1;3;2;3;0
7;10;4;0:02:21;2;0;0;2;0;2;1;1;2;2;2;0
7;10;4;0:04:00;2;0;0;2;0;2;3;1;3;2;3;0
7;10;5;0:06:15;2;0;0;2;0;2;1;1;2;2;3;0
7;10;5;0:08:44;2;0;0;2;0;2;4;1;4;2;3;0
7;10;5;0:09:28;2;0;0;2;0;2;4;1;4;2;3;0
7;10;6;0:10:42;2;0;0;2;0;2;4;1;3;2;3;0
7;10;6;0:11:46;2;0;0;2;0;2;1;1;3;2;3;0
8;10;1;0:01:00;1;0;0;1;0;1;5;1;1;3;1;0
8;10;1;0:02:00;1;0;0;1;0;2;1;0;1;3;1;0
8;10;1;0:03:00;1;0;0;1;0;1;5;1;1;3;1;0
8;10;1;0:04:00;1;0;0;1;0;2;4;1;1;3;1;0
8;10;2;0:05:00;1;0;0;1;0;2;1;0;1;3;1;1
8;10;2;0:07:00;1;0;0;1;0;2;5;1;2;1;1;0
8;10;3;0:10:00;1;0;0;1;0;2;4;0;1;3;3;0
8;10;3;0:10:20;1;0;0;1;0;2;1;1;1;1;1;0
8;10;3;0:10:40;1;0;0;1;0;2;5;1;1;1;1;0
8;10;3;0:11:00;1;0;0;1;0;2;4;1;1;1;1;1
8;10;4;0:02:00;1;0;0;2;0;1;5;1;2;1;3;0
8;10;4;0:03:00;1;0;0;2;0;2;1;1;1;1;1;1
8;10;5;0:05:00;1;0;0;2;0;2;1;1;3;1;3;0
8;10;5;0:07:00;1;0;0;2;0;2;1;1;1;3;1;0
8;10;5;0:09:00;1;0;0;2;0;1;5;1;1;1;1;0
8;10;6;0:10:00;1;0;0;2;0;2;5;1;4;2;2;1
8;10;2;0:09:00;2;0;0;1;0;2;5;1;4;1;2;1
8;10;3;0:14:00;2;0;0;1;0;2;5;1;1;1;1;0
8;10;4;0:02:20;2;0;0;2;0;2;1;0;1;3;1;0
8;10;5;0:06:00;2;0;0;2;0;2;1;1;1;1;2;0
8;10;5;0:08:00;2;0;0;2;0;2;1;1;3;2;3;0
8;10;6;0:12:00;2;0;0;2;0;2;5;1;4;3;3;0
8;10;6;0:14:00;2;0;0;2;0;2;5;1;4;2;3;0
13;11;1;0:01:20;1;0;0;1;0;1;4;1;1;3;1;0
13;11;1;0:01:19;2;0;0;1;0;2;1;1;3;2;3;0
13;11;1;0:04:39;1;0;1;1;-1;2;4;1;3;1;3;0
13;11;2;0:08:37;1;0;1;1;-1;2;1;1;2;2;2;0
13;11;2;0:09:42;1;0;1;1;-1;2;1;1;3;2;3;0
13;11;1;0:03:25;2;0;1;1;1;2;5;1;1;1;1;0
13;11;2;0:07:12;2;0;1;1;1;2;1;1;1;1;1;0
13;11;2;0:09:19;2;0;1;1;1;2;4;1;4;2;1;0
13;11;3;0:13:11;1;0;2;1;-1;2;4;1;3;1;3;0
13;11;3;0:14:41;1;0;2;1;-1;2;1;1;3;1;3;0
13;11;4;0:02:47;1;0;2;2;-1;2;1;0;1;3;1;0
13;11;4;0:04:58;1;0;2;2;-1;2;1;1;2;2;1;0
13;11;5;0:08:06;1;0;2;2;-1;2;4;1;3;2;3;0
13;11;3;0:12:30;2;0;2;1;1;2;1;1;1;3;1;0
13;11;3;0:12:36;2;0;2;1;1;1;4;1;1;1;1;0
13;11;4;0:00:20;2;0;2;2;1;2;1;1;1;3;1;0
13;11;4;0:01:28;2;0;2;2;1;2;5;1;1;1;1;0
13;11;4;0:03:51;2;0;2;2;1;2;4;1;1;1;1;1
13;11;5;0:07:09;2;0;2;2;1;2;5;1;1;1;1;0
13;11;6;0:11:21;1;0;3;2;-1;2;1;1;3;2;1;0
13;11;6;0:10:15;2;0;3;2;1;2;1;1;1;1;1;0
13;11;6;0:12:20;2;0;3;2;1;2;4;1;3;2;3;0
13;11;6;0:12:34;2;0;3;2;1;2;5;1;1;1;1;0
13;11;6;0:13:25;2;0;3;2;1;2;5;1;1;1;1;0
11;12;1;0:00:00;2;0;0;1;0;2;1;1;1;2;3;0
11;12;1;0:01:00;2;0;0;1;0;2;5;1;3;2;3;0
11;12;1;0:02:00;2;0;0;1;0;2;5;1;4;2;3;0
11;12;2;0:05:00;1;1;0;1;1;2;4;1;1;1;1;1
11;12;3;0:11:00;1;2;1;1;1;2;5;1;1;3;1;0
11;12;3;0:14:00;1;2;1;1;1;1;5;1;1;3;3;0
11;12;3;0:15:00;1;2;1;1;1;1;5;1;2;1;3;0
11;12;4;0:00:00;1;2;1;2;1;1;5;1;1;3;1;0
11;12;4;0:04:00;1;2;1;2;1;2;1;1;1;1;3;0
11;12;5;0:09:10;1;2;1;2;1;2;5;1;1;2;1;1
11;12;5;0:09:40;1;2;1;2;1;2;5;1;4;2;3;0
11;12;4;0:00:00;2;2;1;2;-1;2;5;1;3;2;2;0
11;12;4;0:01:00;2;2;1;2;-1;2;1;1;1;1;1;0
11;12;4;0:01:00;2;2;1;2;-1;2;1;1;1;1;3;0
11;12;4;0:02:00;2;2;1;2;-1;2;5;1;3;2;3;0
11;12;4;0:03:00;2;2;1;2;-1;2;5;1;1;3;3;0
11;12;4;0:04:30;2;2;1;2;-1;2;5;1;3;2;3;0
11;12;5;0:06:00;2;2;1;2;-1;2;5;1;1;1;1;0
11;12;5;0:07:00;2;2;1;2;-1;2;1;1;1;3;3;0
11;12;6;0:11:00;2;2;1;2;-1;2;1;0;1;1;1;0
11;12;6;0:12:00;2;2;1;2;-1;2;1;1;2;2;2;0
11;12;6;0:13:00;2;3;1;2;-1;2;5;1;3;3;3;0
11;12;6;0:13:40;2;3;1;2;-1;2;5;1;4;2;1;1
12;13;1;0:04:20;1;0;1;1;-1;2;5;1;1;1;1;0
12;13;1;0:01:55;2;0;1;1;1;2;5;1;1;1;1;0
12;13;2;0:08:28;1;1;1;1;0;2;4;1;2;2;3;0
12;13;2;0:09:05;1;1;1;1;0;2;4;1;2;2;3;0
12;13;2;0:05:26;2;1;1;1;0;2;4;1;3;1;1;0
12;13;2;0:06:59;2;1;1;1;0;2;5;1;1;2;1;0
12;13;2;0:07:29;2;1;1;1;0;2;5;1;1;1;1;0
12;13;3;0:12:31;1;2;1;1;1;2;4;1;1;3;1;0
12;13;3;0:13:05;1;2;1;1;1;2;1;1;1;3;1;0
12;13;4;0:01:25;2;2;2;2;0;2;1;1;2;1;1;1
12;13;5;0:05:06;1;2;3;2;-1;2;1;0;1;3;1;0
12;13;5;0:05:47;1;2;3;2;-1;2;1;0;1;3;1;0
12;13;5;0:08:49;1;2;3;2;-1;2;5;1;1;3;1;0
12;13;5;0:07:18;2;2;3;2;1;2;5;1;1;3;1;0
12;13;6;0:10:00;2;2;4;2;1;2;1;1;3;2;1;1
12;13;6;0:11:36;2;2;4;2;1;2;1;1;1;1;1;0
12;13;6;0:12:15;2;2;4;2;1;2;4;1;3;2;1;1
12;13;6;0:13:49;2;2;5;2;1;2;1;1;2;2;3;0
14;13;2;0:05:19;1;0;0;1;0;2;5;1;1;1;3;0
14;13;2;0:06:30;1;0;0;1;0;1;4;1;1;3;1;0
14;13;1;0:00:42;2;0;0;1;0;1;4;1;2;2;3;0
14;13;2;0:07:56;1;1;0;1;1;2;1;1;2;2;2;0
14;13;3;0:11:43;1;1;0;1;1;2;1;1;1;2;3;0
14;13;3;0:12:06;1;1;0;1;1;2;4;1;4;2;3;0
14;13;2;0:08:49;2;1;0;1;-1;2;1;1;1;3;1;0
14;13;3;0:12:30;2;1;0;1;-1;2;1;1;1;1;1;0
14;13;4;0:02:18;1;2;0;2;1;2;4;1;3;1;3;0
14;13;4;0:03:37;1;2;0;2;1;2;5;0;1;3;3;0
14;13;5;0:07:08;1;2;0;2;1;2;1;1;2;2;3;0
14;13;5;0:08:06;1;2;0;2;1;2;5;0;1;1;1;0
14;13;3;0:15:04;2;2;0;1;-1;2;5;1;1;1;1;0
14;13;6;0:10:36;1;2;1;2;1;2;4;1;2;1;3;0
14;13;6;0:12:38;1;2;1;2;1;2;1;1;2;2;2;0
14;13;6;0:10:26;2;2;1;2;-1;2;4;1;4;2;3;1
14;13;6;0:11:49;2;2;1;2;-1;2;4;1;2;1;1;0
11;14;1;0:01:14;1;0;0;1;0;2;5;1;1;1;1;0
11;14;1;0:04:51;1;2;0;1;1;2;1;1;3;2;3;0
11;14;2;0:07:28;1;2;0;1;1;2;1;1;1;1;1;0
11;14;2;0:08:37;2;2;0;1;-1;2;1;1;1;1;1;0
11;14;3;0:10:17;2;3;0;1;-1;2;1;1;1;1;1;0
11;14;3;0:11:19;2;3;0;1;-1;2;4;1;1;3;3;0
11;14;4;0:02:36;1;4;0;2;1;1;4;1;1;1;1;1
11;14;4;0:03:12;1;4;0;2;1;2;5;1;1;1;1;0
11;14;5;0:07:04;1;4;0;2;1;2;4;1;4;1;1;0
11;14;5;0:08:48;1;4;0;2;1;2;4;1;1;3;1;1
11;14;5;0:09:52;1;4;0;2;1;2;1;1;1;1;1;0
11;14;6;0:11:01;1;4;0;2;1;1;4;0;1;3;1;0
11;14;6;0:11:34;1;4;0;2;1;2;1;1;3;2;1;1
11;14;4;0:00:47;2;4;0;2;-1;2;1;1;2;2;3;0
11;14;4;0:02:12;2;4;0;2;-1;2;1;1;1;1;1;0
11;14;5;0:06:04;2;4;0;2;-1;2;5;1;1;1;1;0
11;14;5;0:07:36;2;4;0;2;-1;2;1;1;2;2;3;0
11;14;5;0:09:08;2;4;0;2;-1;2;5;1;2;2;3;0
11;14;5;0:09:22;2;4;0;2;-1;2;4;1;4;2;3;0
11;14;6;0:12:50;2;4;1;2;-1;2;5;1;1;1;1;0
11;14;6;0:13:57;2;4;1;2;-1;2;1;1;1;1;1;0
11;14;6;0:14:46;2;4;1;2;-1;1;4;1;3;2;2;0
15;14;1;0:00:38;2;0;0;1;0;2;3;1;1;3;1;0
15;14;1;0:01:17;2;0;0;1;0;2;4;1;3;1;3;0
15;14;2;0:07:11;1;1;1;1;0;2;4;1;3;2;3;0
15;14;3;0:10:59;1;1;1;1;0;2;4;1;4;3;3;0
15;14;4;0:00:52;1;1;1;2;0;2;1;1;2;3;2;0
15;14;3;0:14:52;2;1;1;1;0;2;5;0;1;1;1;0
15;14;4;0:01:48;2;1;1;2;0;2;1;1;1;3;1;0
15;14;4;0:01:54;2;1;1;2;0;1;4;1;3;2;3;0
15;14;4;0:04:00;1;2;1;2;1;2;4;1;3;1;3;0
15;14;4;0:03:25;2;2;1;2;-1;2;5;1;1;3;1;0
15;14;4;0:03:35;2;2;1;2;-1;1;4;1;1;1;1;0
15;14;4;0:04:43;2;2;1;2;-1;2;5;1;1;3;3;0
15;14;5;0:06:26;1;2;2;2;0;2;4;1;3;2;3;0
15;14;5;0:08:03;1;2;2;2;0;2;1;1;3;1;3;0
15;14;5;0:07:27;2;2;2;2;0;2;5;1;1;1;1;0
15;14;5;0:08:15;2;2;2;2;0;1;4;1;3;1;3;0
15;14;6;0:10:04;2;2;2;2;0;1;4;1;1;3;1;0
12;15;1;0:01:25;1;0;0;1;0;2;4;1;4;3;3;0
12;15;1;0:01:49;1;0;0;1;0;2;5;1;2;1;3;0
12;15;1;0:04:43;1;0;0;1;0;2;4;1;4;2;1;0
12;15;1;0:00:21;2;0;0;1;0;2;1;1;1;1;3;0
12;15;1;0:00:39;2;0;0;1;0;2;1;1;1;3;3;0
12;15;2;0:06:27;1;0;1;1;-1;2;4;1;4;2;2;0
12;15;2;0:08:55;1;0;1;1;-1;2;4;1;3;1;3;0
12;15;2;0:09:55;1;0;1;1;-1;2;1;1;2;2;3;0
12;15;3;0:11:00;1;0;1;1;-1;2;2;1;2;2;3;0
12;15;2;0:05:57;2;0;1;1;1;2;1;0;1;3;1;1
12;15;2;0:07:16;2;0;1;1;1;2;4;1;3;1;1;1
12;15;4;0:02:29;1;0;2;2;-1;2;4;1;2;2;3;0
12;15;4;0:03:45;1;0;2;2;-1;2;4;1;2;2;3;0
12;15;4;0:04:20;1;0;2;2;-1;1;4;1;1;3;1;0
12;15;5;0:07:48;1;0;2;2;-1;2;4;1;2;2;3;0
12;15;6;0:10:05;1;0;2;2;-1;2;4;1;2;2;2;1
12;15;3;0:13:00;2;0;2;1;1;2;4;1;3;1;3;0
12;15;3;0:13:27;2;0;2;1;1;2;5;1;1;3;1;0
12;15;3;0:14:34;2;0;2;1;1;2;1;1;2;2;3;0
12;15;4;0:03:38;2;0;2;2;1;2;4;1;4;2;3;0
12;15;4;0:04:59;2;0;2;2;1;2;1;1;1;3;1;0
12;15;5;0:08:50;2;0;2;2;1;2;1;1;1;3;1;0
12;15;5;0:09:47;2;0;2;2;1;2;1;0;1;1;1;0
12;15;6;0:10:14;2;0;2;2;1;2;4;1;3;2;2;0
12;15;6;0:11:41;2;0;2;2;1;2;4;1;4;2;3;0
12;15;6;0:14:23;2;0;3;2;1;2;1;1;1;3;1;0
13;15;1;0:00:27;2;0;0;1;0;1;4;1;3;3;2;1
11;15;1;0:00:27;2;0;0;1;0;1;4;1;3;3;2;1
13;15;1;0:02:10;1;0;1;1;-1;1;4;1;2;1;3;0
11;15;1;0:02:10;1;0;1;1;-1;1;4;1;2;1;3;0
13;15;1;0:03:35;1;0;1;1;-1;2;4;1;2;1;3;0
11;15;1;0:03:35;1;0;1;1;-1;2;4;1;2;1;3;0
13;15;2;0:07:49;1;0;1;1;-1;2;1;1;1;3;1;0
11;15;2;0:07:49;1;0;1;1;-1;2;1;1;1;3;1;0
13;15;2;0:09:00;1;0;1;1;-1;2;1;1;1;1;1;0
11;15;2;0:09:00;1;0;1;1;-1;2;1;1;1;1;1;0
13;15;3;0:11:39;1;0;1;1;-1;1;4;1;1;3;1;0
11;15;3;0:11:39;1;0;1;1;-1;1;4;1;1;3;1;0
13;15;3;0:13:04;1;0;1;1;-1;2;1;1;2;1;3;0
11;15;3;0:13:04;1;0;1;1;-1;2;1;1;2;1;3;0
13;15;3;0:13:59;1;0;1;1;-1;1;4;1;3;1;3;0
11;15;3;0:13:59;1;0;1;1;-1;1;4;1;3;1;3;0
13;15;1;0:02:52;2;0;1;1;1;2;4;1;2;2;3;0
11;15;1;0:02:52;2;0;1;1;1;2;4;1;2;2;3;0
13;15;2;0:05:00;2;0;1;1;1;2;1;1;2;1;2;0
11;15;2;0:05:00;2;0;1;1;1;2;1;1;2;1;2;0
13;15;2;0:05:41;2;0;1;1;1;2;2;1;2;2;2;0
11;15;2;0:05:41;2;0;1;1;1;2;2;1;2;2;2;0
13;15;2;0:06:12;2;0;1;1;1;2;4;1;3;1;3;0
11;15;2;0:06:12;2;0;1;1;1;2;4;1;3;1;3;0
13;15;2;0:07:00;2;0;1;1;1;2;1;1;2;2;1;0
11;15;2;0:07:00;2;0;1;1;1;2;1;1;2;2;1;0
13;15;3;0:13:04;2;0;1;1;1;1;4;1;3;3;3;0
11;15;3;0:13:04;2;0;1;1;1;1;4;1;3;3;3;0
13;15;3;0:13:23;2;0;1;1;1;2;4;1;3;2;2;0
11;15;3;0:13:23;2;0;1;1;1;2;4;1;3;2;2;0
13;15;3;0:15:25;2;0;1;1;1;2;1;1;2;2;2;0
11;15;3;0:15:25;2;0;1;1;1;2;1;1;2;2;2;0
13;15;4;0:02:32;1;1;1;2;0;2;5;1;1;1;1;0
11;15;4;0:02:32;1;1;1;2;0;2;5;1;1;1;1;0
13;15;4;0:03:13;1;1;1;2;0;2;1;1;1;1;1;0
11;15;4;0:03:13;1;1;1;2;0;2;1;1;1;1;1;0
13;15;4;0:02:18;2;1;1;2;0;2;1;1;2;2;2;0
11;15;4;0:02:18;2;1;1;2;0;2;1;1;2;2;2;0
13;15;4;0:03:42;2;1;1;2;0;2;4;1;3;2;3;0
11;15;4;0:03:42;2;1;1;2;0;2;4;1;3;2;3;0
13;15;6;0:12:25;1;2;1;2;1;2;1;1;2;2;2;0
11;15;6;0:12:25;1;2;1;2;1;2;1;1;2;2;2;0
13;15;5;0:07:26;2;2;1;2;-1;2;3;1;3;2;2;0
11;15;5;0:07:26;2;2;1;2;-1;2;3;1;3;2;2;0
13;15;5;0:09:07;2;2;1;2;-1;2;1;1;2;1;3;0
11;15;5;0:09:07;2;2;1;2;-1;2;1;1;2;1;3;0
13;15;6;0:13:39;2;2;1;2;-1;2;1;0;1;3;1;0
11;15;6;0:13:39;2;2;1;2;-1;2;1;0;1;3;1;0
13;15;6;0:16:08;2;2;1;2;-1;2;4;1;3;2;1;0
11;15;6;0:16:08;2;2;1;2;-1;2;4;1;3;2;1;0
18;16;1;0:04:46;1;0;0;1;0;2;1;1;3;2;3;0
18;16;1;0:01:01;2;0;0;1;0;1;4;1;1;1;1;0
18;16;1;0:01:55;2;0;0;1;0;2;4;1;4;3;3;0
18;16;2;0:05:18;2;0;0;1;0;2;4;1;3;2;3;0
18;16;2;0:05:39;2;0;0;1;0;2;4;1;4;3;1;0
18;16;2;0:08:43;2;1;0;1;-1;2;4;1;1;1;1;1
18;16;3;0:13:43;1;1;1;1;0;2;4;1;2;3;3;0
18;16;4;0:02:49;1;1;1;2;0;2;1;1;4;2;3;0
18;16;2;0:09:35;2;1;1;1;0;2;5;1;1;1;1;0
18;16;2;0:09:55;2;1;1;1;0;2;5;1;1;3;1;0
18;16;3;0:10:45;2;1;1;1;0;2;1;1;1;3;1;0
18;16;3;0:13:20;2;1;1;1;0;2;5;1;1;1;1;0
18;16;3;0:14:10;2;1;1;1;0;1;4;1;1;2;2;0
18;16;4;0:02:52;2;1;1;2;0;2;5;1;1;1;1;0
18;16;5;0:06:14;1;1;2;2;-1;2;1;1;3;2;2;0
18;16;6;0:10:24;1;1;2;2;-1;2;4;1;4;3;3;0
18;16;6;0:11:35;1;1;2;2;-1;2;4;1;4;2;2;0
18;16;5;0:05:15;2;1;2;2;1;2;4;1;3;2;1;0
18;16;5;0:09:45;2;1;2;2;1;2;3;1;3;2;2;0
18;16;6;0:14:50;2;1;2;2;1;2;4;1;3;2;3;0
16;17;3;0:10:52;1;0;0;1;0;2;5;1;1;3;1;0
16;17;3;0:12:11;1;0;0;1;0;2;5;1;1;3;1;0
16;17;3;0:15:04;1;0;0;1;0;2;4;1;3;1;3;0
16;17;5;0:05:23;1;0;0;2;0;2;1;1;4;2;3;0
16;17;5;0:08:44;1;0;0;2;0;2;1;0;1;3;1;0
16;17;6;0:12:01;1;0;0;2;0;2;4;1;3;2;3;0
16;17;6;0:12:27;1;0;0;2;0;2;1;1;3;2;3;0
16;17;1;0:01:05;2;0;0;1;0;2;1;1;3;2;1;0
16;17;1;0:01:42;2;0;0;1;0;1;4;1;1;2;1;0
16;17;1;0:02:41;2;0;0;1;0;2;1;1;3;2;3;0
16;17;1;0:04:25;2;0;0;1;0;2;1;1;3;3;3;0
16;17;2;0:05:58;2;0;0;1;0;2;1;1;4;3;3;0
16;17;2;0:08:10;2;0;0;1;0;2;1;1;2;3;3;0
16;17;2;0:08:34;2;0;0;1;0;2;4;1;1;1;1;0
16;17;2;0:09:33;2;0;0;1;0;2;1;0;1;1;1;0
16;17;3;0:11:57;2;0;0;1;0;2;1;0;1;3;1;0
16;17;4;0:00:34;2;0;0;2;0;2;1;1;3;1;1;0
16;17;4;0:01:42;2;0;0;2;0;2;3;1;3;2;1;0
16;17;4;0:01:58;2;0;0;2;0;2;5;1;1;1;1;0
16;17;4;0:03:09;2;0;0;2;0;2;1;1;2;3;3;0
16;17;4;0:03:54;2;0;0;2;0;2;5;0;1;1;1;0
16;17;5;0:07:43;2;0;0;2;0;1;4;1;4;2;3;0
16;17;6;0:11:03;2;0;0;2;0;2;1;1;3;1;3;0
16;17;6;0:11:15;2;0;0;2;0;2;5;1;1;3;1;0
16;17;6;0:13:08;2;0;0;2;0;2;1;1;3;2;3;0
16;17;6;0:13:40;2;0;0;2;0;2;1;1;2;2;3;0
16;17;6;0:14:02;2;0;0;2;0;1;4;1;3;2;1;0
19;17;1;0:00:43;2;0;0;1;0;2;4;1;2;3;3;0
19;17;1;0:03:27;2;0;0;1;0;2;5;1;1;1;1;0
19;17;2;0:06:03;1;1;0;1;1;2;5;1;1;3;1;0
19;17;2;0:08:34;1;1;1;1;0;1;4;1;1;2;3;0
19;17;3;0:10:30;1;1;1;1;0;1;4;1;3;3;2;1
19;17;3;0:12:26;1;1;1;1;0;2;1;1;2;2;3;0
19;17;3;0:12:36;1;1;1;1;0;2;4;1;4;3;3;1
19;17;3;0:14:10;1;1;1;1;0;2;5;1;1;1;1;0
19;17;3;0:14:29;1;1;1;1;0;1;4;1;3;2;3;1
19;17;2;0:08:05;2;1;1;1;0;2;4;1;2;3;3;0
19;17;2;0:09:47;2;1;1;1;0;2;1;1;1;1;1;0
19;17;3;0:11:17;2;1;1;1;0;2;4;1;2;1;3;0
19;17;3;0:12:05;2;1;1;1;0;2;1;1;1;2;2;0
19;17;3;0:12:57;2;1;1;1;0;2;1;1;2;2;2;0
19;17;4;0:01:41;1;2;1;2;1;2;5;1;1;1;1;0
19;17;4;0:01:47;1;2;1;2;1;2;5;1;1;3;1;0
19;17;4;0:02:01;1;2;1;2;1;1;4;1;3;2;2;0
19;17;4;0:02:17;1;2;1;2;1;2;5;1;1;3;1;0
19;17;4;0:02:26;1;2;1;2;1;1;4;1;3;3;3;0
19;17;4;0:03:56;1;2;1;2;1;1;4;1;2;2;1;0
19;17;4;0:01:26;2;2;1;2;-1;2;1;1;1;1;1;0
19;17;4;0:03:33;2;2;1;2;-1;2;1;1;1;3;1;0
19;17;4;0:04:28;2;2;1;2;-1;2;1;1;3;3;2;0
19;17;4;0:04:33;1;2;2;2;0;2;4;1;3;1;1;0
19;17;4;0:04:56;1;2;2;2;0;1;4;0;1;1;1;0
19;17;5;0:05:05;1;2;2;2;0;1;4;1;1;1;2;0
19;17;5;0:08:05;1;2;2;2;0;2;5;1;1;1;1;0
19;17;5;0:06:01;2;2;2;2;0;2;1;1;1;3;1;0
19;17;5;0:06:59;2;2;2;2;0;2;2;1;3;3;3;0
19;17;5;0:07:49;2;2;2;2;0;2;1;1;3;2;2;1
19;17;5;0:08:46;2;2;2;2;0;2;4;1;4;3;3;0
17;18;1;0:04:00;1;0;0;1;0;2;1;0;1;3;1;0
17;18;2;0:07:42;1;0;0;1;0;2;1;1;1;3;1;0
17;18;2;0:07:59;1;0;0;1;0;2;5;1;1;3;1;0
17;18;2;0:09:35;1;0;0;1;0;2;1;1;1;1;1;0
17;18;3;0:10:34;1;0;0;1;0;2;5;1;1;1;1;0
17;18;3;0:13:53;1;0;0;1;0;2;1;0;1;1;1;0
17;18;4;0:02:05;1;0;0;2;0;2;4;1;2;2;2;0
17;18;4;0:02:26;1;0;0;2;0;2;5;1;1;1;1;0
17;18;4;0:03:18;1;0;0;2;0;2;4;1;3;2;3;0
17;18;4;0:04:06;1;0;0;2;0;2;4;1;3;2;2;0
17;18;1;0:01:03;2;0;0;1;0;2;1;1;1;2;3;0
17;18;1;0:02:57;2;0;0;1;0;2;1;1;2;2;2;0
17;18;2;0:05:40;2;0;0;1;0;2;1;1;2;2;3;0
17;18;2;0:07:51;2;0;0;1;0;1;4;1;2;1;2;1
17;18;3;0:11:19;2;0;0;1;0;1;4;1;1;1;1;0
17;18;3;0:11:42;2;0;0;1;0;2;4;1;2;3;1;0
17;18;3;0:12:17;2;0;0;1;0;2;4;1;3;3;2;0
17;18;3;0:15:12;2;0;0;1;0;2;4;1;2;2;1;0
17;18;4;0:03:03;2;0;0;2;0;2;4;1;4;2;3;0
17;18;5;0:06:44;1;0;1;2;-1;2;1;1;1;3;1;0
17;18;5;0:07:03;1;0;1;2;-1;2;1;1;1;3;1;0
17;18;5;0:09:49;2;0;1;2;1;2;1;1;2;2;3;0
17;18;6;0:10:39;2;0;1;2;1;2;4;1;2;2;3;0
17;18;6;0:10:58;2;0;1;2;1;2;1;1;2;2;3;0
17;18;6;0:12:36;2;0;1;2;1;2;1;1;1;2;3;0
19;18;1;0:02:05;1;0;0;1;0;1;4;1;4;3;3;0
19;18;1;0:02:23;1;0;0;1;0;1;4;1;1;3;1;0
19;18;1;0:03:21;1;0;0;1;0;2;1;1;2;2;3;0
19;18;3;0:13:27;1;0;0;1;0;2;5;1;1;1;1;0
19;18;3;0:14:50;1;0;0;1;0;2;1;1;1;1;1;1
19;18;1;0:01:03;2;0;0;1;0;2;4;1;2;2;2;0
19;18;1;0:02:18;2;0;0;1;0;1;5;1;3;2;3;0
19;18;2;0:06:10;2;0;0;1;0;2;3;1;2;2;3;0
19;18;2;0:08:50;2;0;0;1;0;2;4;1;2;3;2;0
19;18;3;0:11:32;2;0;0;1;0;2;4;1;4;2;3;0
19;18;3;0:15:09;2;0;0;1;0;2;4;1;3;2;1;0
19;18;5;0:05:05;1;1;0;2;1;2;4;1;2;3;3;0
19;18;5;0:05:49;1;1;0;2;1;2;5;1;2;3;1;0
19;18;4;0:02:38;2;1;0;2;-1;2;4;1;4;2;3;0
19;18;5;0:06:29;2;1;0;2;-1;2;1;1;3;2;3;0
19;18;6;0:11:51;1;2;0;2;1;2;1;1;3;2;2;0
19;18;5;0:09:09;2;2;0;2;-1;2;1;1;2;2;3;0
19;18;6;0:10:04;2;2;0;2;-1;2;1;1;3;2;3;0
19;18;6;0:10:19;2;2;0;2;-1;2;5;1;2;1;1;0
19;18;6;0:10:45;2;2;0;2;-1;2;4;1;2;2;1;0
19;18;6;0:11:35;2;2;0;2;-1;2;4;1;4;3;3;0
19;18;6;0:13:56;1;3;0;2;1;2;5;1;2;1;2;0
19;18;6;0:14:29;2;3;0;2;-1;2;1;1;3;2;3;0
16;19;1;0:02:05;1;0;0;1;0;1;4;1;3;2;1;0
16;19;1;0:04:41;1;0;0;1;0;1;4;1;4;2;3;0
16;19;2;0:07:33;1;0;0;1;0;2;1;1;1;3;3;0
16;19;2;0:08:56;1;0;0;1;0;2;4;1;4;2;3;0
16;19;2;0:09:20;1;0;0;1;0;2;4;1;4;2;2;0
16;19;3;0:10:51;1;0;0;1;0;2;1;1;3;2;2;0
16;19;3;0:11:45;1;0;0;1;0;2;4;1;4;2;3;0
16;19;3;0:13:53;1;0;0;1;0;2;5;1;3;2;3;0
16;19;3;0:16:44;1;0;0;1;0;2;2;1;1;1;1;0
16;19;4;0:00:41;1;0;0;2;0;2;4;1;2;2;3;0
16;19;4;0:02:43;1;0;0;2;0;2;1;0;1;1;1;0
16;19;4;0:03:38;1;0;0;2;0;2;4;0;3;1;3;0
16;19;4;0:04:08;1;0;0;2;0;2;1;1;3;2;2;0
16;19;4;0:04:32;1;0;0;2;0;2;1;1;2;2;3;0
16;19;5;0:05:29;1;0;0;2;0;2;4;1;1;2;3;0
16;19;5;0:06:12;1;0;0;2;0;2;4;1;3;2;3;0
16;19;6;0:13:25;1;0;0;2;0;2;5;1;3;2;3;0
16;19;2;0:05:00;2;0;0;1;0;2;5;0;1;2;1;0
16;19;2;0:08:36;2;0;0;1;0;2;5;0;1;2;1;1
16;19;3;0:11:02;2;0;0;1;0;1;4;1;1;1;1;1
16;19;3;0:12:04;2;0;0;1;0;1;4;1;1;3;1;0
16;19;3;0:12:14;2;0;0;1;0;1;4;1;1;3;1;0
16;19;3;0:12:45;2;0;0;1;0;2;5;1;1;2;1;1
16;19;3;0:13:08;2;0;0;1;0;1;4;1;1;3;1;0
16;19;3;0:13:34;2;0;0;1;0;2;5;1;1;3;1;1
16;19;3;0:15:19;2;0;0;1;0;2;1;1;1;1;1;0
16;19;4;0:00:45;2;0;0;2;0;1;4;0;1;3;1;0
16;19;6;0:11:02;2;0;0;2;0;1;4;1;1;3;1;0
16;19;6;0:12:45;2;0;0;2;0;1;4;1;1;3;1;0
16;19;6;0:12:54;2;0;0;2;0;1;4;1;1;3;1;0
