TeamA;TeamB;ScoreA;ScoreB;MatchStatus;Goalkeeper;Period;TSegment;T;Typeofattack;Locationpass;Bodypartpass;Playerwhoshoot;Jump;Drop;Movement;Dive;Technicalaction;Zonegkintervention;Zoneofthgoal;Fieldzoneshots;Bodypartshots;Goal
2;1;0;1;1;2;2;6;0:12:25;3;14;1;0;0;0;3;0;0;1;15;0;0;0
2;3;0;0;0;1;1;2;0:08:39;3;18;2;0;0;0;2;0;0;1;15;0;0;0
5;2;0;0;0;2;1;1;0:01:32;3;14;1;1;0;0;3;0;0;1;15;11;3;0
6;10;0;0;0;2;2;5;0:05:03;2;2;1;1;0;0;2;0;0;2;15;2;2;0
8;6;0;0;0;2;1;1;0:01:27;3;14;1;0;0;0;3;0;0;1;15;0;0;0
13;15;0;1;1;2;1;1;0:01:35;3;14;1;0;0;0;7;0;0;1;15;0;0;0
13;15;0;1;1;2;1;3;0:11:28;3;18;2;0;0;0;2;0;0;1;15;8;3;0
18;16;1;2;-1;1;2;5;0:09:12;3;18;2;0;0;0;3;0;0;1;15;0;0;0
1;4;0;0;0;2;2;6;0:12:12;3;14;1;0;0;0;3;0;0;1;15;0;0;0
16;17;0;0;0;1;2;4;0:04:45;3;18;2;0;0;0;3;0;0;1;15;0;0;0
3;4;0;0;0;2;1;2;0:06:00;1;19;1;1;0;0;1;0;0;2;14;6;3;0
3;4;0;1;1;2;2;5;0:06:00;1;19;1;1;0;0;1;0;0;2;14;6;3;0
4;5;1;0;-1;2;2;4;0:02:35;1;2;2;1;0;0;2;0;0;2;14;5;2;0
8;6;0;1;-1;1;1;2;0:08:07;2;2;1;1;0;0;4;0;0;2;14;6;2;0
16;19;0;0;0;1;1;2;0:06:57;3;18;1;1;1;0;2;0;0;1;14;3;1;0
18;16;1;2;-1;1;2;5;0:08:32;3;14;2;0;0;0;3;0;0;1;14;0;0;0
19;17;1;1;0;2;1;2;0:07:29;3;14;1;0;0;0;3;0;0;1;14;0;0;0
2;1;0;1;-1;1;2;5;0:06:41;3;14;1;1;0;0;2;0;0;1;13;1;3;0
6;10;0;0;0;2;1;3;0:14:48;1;19;1;1;0;0;3;0;0;2;13;9;2;0
15;14;1;1;0;1;1;2;0:06:49;3;14;1;0;0;0;3;0;0;2;13;0;0;0
16;19;0;0;0;1;1;3;0:10:12;3;2;0;1;1;0;3;0;0;2;13;12;2;0
16;17;0;0;0;1;2;5;0:07:24;3;1;2;0;0;1;3;0;0;1;13;0;0;0
1;4;0;0;0;1;2;4;0:02:48;2;0;0;1;0;0;3;0;0;1;12;6;2;0
1;5;0;0;0;2;1;1;0:02:00;1;3;1;1;0;0;2;0;0;2;12;9;3;0
1;5;0;0;0;1;1;2;0:07:00;3;18;1;1;0;0;3;0;0;1;12;12;1;0
1;5;1;0;-1;2;2;4;0:03:40;3;14;3;1;0;0;3;0;0;1;12;11;1;0
2;1;0;1;-1;1;1;2;0:09:34;1;12;1;1;0;0;3;0;0;1;12;11;1;0
2;1;0;1;-1;1;2;4;0:03:28;3;14;1;1;0;0;2;0;0;1;12;4;3;0
2;3;0;0;0;2;2;4;0:01:00;1;2;1;1;0;0;3;0;0;1;12;14;1;0
2;3;0;0;0;1;2;4;0:03:01;1;9;2;1;0;0;3;0;0;1;12;8;3;0
4;2;0;1;-1;1;2;5;0:07:20;1;19;2;1;0;0;3;0;0;1;12;6;2;0
4;5;1;0;1;1;1;2;0:09:18;1;2;1;1;0;0;2;0;0;2;12;9;1;0
5;2;1;0;1;1;1;1;0:04:26;1;6;2;1;0;0;3;0;0;1;12;12;1;0
6;7;0;0;0;2;1;1;0:03:23;3;0;0;1;0;0;3;0;0;1;12;6;1;0
6;7;1;0;1;1;2;5;0:05:27;2;2;1;1;0;0;2;0;0;1;12;6;1;0
6;10;0;0;0;1;2;6;0:11:50;2;0;0;1;0;0;3;0;0;2;12;12;1;0
7;8;0;0;0;2;1;2;0:07:17;3;0;0;1;0;0;3;0;0;1;12;9;1;0
7;8;0;0;0;2;1;2;0:08:12;2;19;1;1;0;0;3;0;0;1;12;9;2;0
7;8;0;0;0;2;2;5;0:06:21;2;19;1;1;0;0;2;0;0;1;12;9;2;0
7;10;0;0;0;2;2;4;0:01:52;3;2;2;1;0;0;3;0;0;1;12;11;3;0
8;6;0;0;0;2;1;1;0:02:02;1;2;2;1;0;0;3;0;0;1;12;12;1;0
9;7;0;0;0;1;1;1;0:02:35;1;2;1;1;0;0;3;0;0;1;12;9;1;0
9;7;1;0;1;1;2;4;0:00:55;1;2;1;1;0;0;1;0;0;2;12;8;1;0
9;7;1;0;1;1;2;4;0:04:30;1;8;1;1;0;0;6;0;0;1;12;9;2;0
9;7;1;0;1;1;2;5;0:05:13;3;0;0;1;0;0;3;0;0;1;12;12;3;0
9;7;1;0;-1;2;2;5;0:06:34;3;0;0;1;0;0;3;0;0;1;12;12;1;0
9;8;0;0;0;2;1;1;0:02:06;3;18;1;1;0;0;1;0;0;1;12;8;1;0
9;8;2;0;1;1;2;4;0:02:19;3;0;0;1;0;0;3;0;0;1;12;6;1;0
10;9;0;1;1;2;2;5;0:07:57;1;17;1;1;0;0;2;0;0;1;12;8;1;0
11;12;3;1;-1;2;2;6;0:13:00;2;5;1;1;0;1;2;0;0;1;12;9;2;0
12;13;2;3;1;2;2;5;0:09:42;1;13;1;1;0;0;3;0;0;1;12;11;3;0
12;15;0;1;-1;1;1;2;0:09:34;1;12;1;1;0;0;3;0;0;1;12;11;1;0
13;11;0;2;-1;1;2;4;0:04:37;1;15;1;1;0;0;2;0;0;1;12;6;2;0
13;15;0;1;1;2;1;1;0:04:29;3;14;1;0;0;0;3;0;0;1;12;0;0;0
13;15;2;1;1;1;2;6;0:12:04;3;0;0;1;1;0;3;0;0;1;12;12;1;0
17;18;0;0;0;1;1;2;0:07:26;3;4;1;1;0;0;3;0;0;1;12;6;2;0
17;18;0;1;1;2;2;5;0:09:29;3;1;2;1;0;0;3;0;0;1;12;8;3;0
19;18;0;0;0;1;1;1;0:02:53;2;0;0;1;0;0;3;0;0;1;12;12;1;0
19;18;0;0;0;2;1;1;0:04:08;3;0;0;1;0;0;2;0;0;1;12;9;3;0
19;18;2;0;-1;2;2;5;0:08:55;1;2;1;1;0;0;2;0;0;1;12;9;1;0
19;18;3;0;-1;2;2;6;0:14:10;2;10;2;1;0;0;3;0;0;1;12;9;1;0
4;5;1;0;1;1;2;4;0:02:33;1;2;1;1;0;0;8;0;0;1;12;9;3;0
4;5;2;0;1;1;2;6;0:10:10;1;7;1;1;0;0;3;0;0;1;12;13;1;0
11;15;3;1;-1;2;2;6;0:13:00;2;5;1;1;0;1;2;0;0;1;12;9;2;0
12;15;0;2;-1;1;2;4;0:01:35;3;0;0;1;0;0;2;0;0;1;12;6;1;0
12;15;0;2;-1;1;2;4;0:03:11;3;0;0;1;0;0;3;0;0;1;12;12;1;0
18;16;1;1;0;2;1;3;0:10:34;1;3;1;1;1;0;2;0;0;1;12;12;1;0
1;4;0;0;0;2;1;2;0:09:11;3;18;1;1;0;0;1;0;0;1;11;8;3;0
1;4;0;0;0;2;1;3;0:14:39;1;2;3;1;0;0;1;0;0;1;11;2;2;0
1;4;0;0;0;2;1;3;0:15:23;1;2;2;1;0;0;2;0;0;1;11;6;2;0
1;5;1;0;-1;2;2;4;0:03:00;1;2;1;2;0;1;2;0;0;1;11;9;1;0
1;5;1;0;-1;2;2;6;0:12:00;1;2;1;1;0;0;2;0;0;2;11;9;1;0
2;1;0;1;-1;1;2;4;0:00:40;2;0;0;1;0;0;2;0;0;1;11;9;1;0
2;3;0;0;0;1;1;1;0:04:21;1;19;1;1;0;0;2;0;0;1;11;9;4;0
3;4;0;1;-1;1;2;4;0:04:51;1;3;1;1;0;0;1;0;0;1;11;8;3;0
4;2;0;1;1;2;2;6;0:12:47;3;18;2;1;0;0;2;0;0;1;11;5;3;0
5;2;1;0;1;1;1;1;0:04:49;2;0;0;1;0;0;2;0;0;1;11;15;2;0
5;2;2;0;-1;2;2;4;0:01:26;3;14;1;1;0;0;2;0;0;1;11;6;2;0
5;2;2;0;-1;2;2;6;0:12:29;3;2;2;2;0;0;2;0;0;1;11;10;3;0
6;7;0;0;0;2;1;1;0:01:04;1;2;1;1;0;0;3;0;0;1;11;9;1;0
6;7;1;0;1;1;2;4;0:04:12;2;2;1;1;0;0;2;0;0;1;11;6;2;0
6;7;1;0;1;1;2;5;0:07:54;1;4;2;1;0;0;2;0;0;1;11;5;2;0
6;9;0;0;0;1;1;2;0:08:48;3;0;0;1;0;0;2;0;0;1;11;12;3;0
6;9;0;0;0;2;2;4;0:03:03;3;2;1;1;0;0;2;0;0;1;11;9;2;0
6;9;1;2;1;2;2;6;0:12:55;2;19;2;1;0;0;5;0;0;2;11;12;1;0
6;10;0;0;0;2;1;3;0:16:00;3;18;2;1;1;0;2;0;0;2;11;5;3;0
7;8;0;0;0;2;2;4;0:04:15;3;1;4;1;0;0;3;0;0;1;11;12;1;0
7;10;0;0;0;1;1;3;0:14:19;3;18;2;1;0;0;2;0;0;1;11;10;3;0
7;10;0;0;0;2;2;4;0:00:49;3;3;1;0;0;0;2;0;0;1;11;0;0;0
8;6;2;1;-1;2;2;5;0:08:58;3;0;0;1;1;0;2;0;0;1;11;9;2;0
8;6;2;1;1;1;2;6;0:10:12;3;18;2;1;0;0;3;0;0;1;11;9;3;0
9;7;1;0;1;1;2;5;0:07:40;3;18;2;0;0;0;3;0;0;1;11;0;0;0
9;7;1;0;1;1;2;5;0:08:21;2;2;1;1;0;0;4;0;0;1;11;6;2;0
9;7;1;0;-1;2;2;6;0:10:50;2;6;2;1;0;0;5;0;0;2;11;12;1;0
9;7;1;0;1;1;2;6;0:11:57;3;3;2;1;0;0;3;0;0;2;11;7;3;0
10;9;0;1;-1;1;2;4;0:04:47;1;2;1;1;0;0;2;0;0;1;11;12;2;0
11;12;2;1;-1;2;2;4;0:02:00;1;2;2;1;0;0;2;0;0;1;11;9;1;0
11;14;4;1;-1;2;2;6;0:13:44;3;14;1;1;0;0;2;0;0;2;11;8;1;0
12;15;0;3;1;2;2;6;0:14:14;3;0;0;1;0;0;2;0;0;1;11;6;1;0
13;11;0;1;-1;1;1;2;0:08:20;1;18;1;1;0;0;2;0;0;1;11;10;3;0
13;15;0;1;1;2;1;3;0:12:29;3;2;1;1;0;0;2;0;0;1;11;12;1;0
15;14;1;1;0;1;2;4;0:00:35;1;1;2;1;0;0;2;0;0;1;11;9;1;0
15;14;2;2;0;1;2;5;0:07:41;1;1;1;1;0;0;3;0;0;1;11;9;1;0
16;17;0;0;0;2;1;2;0:05:26;1;17;1;1;0;0;2;0;0;1;11;6;2;0
16;17;0;0;0;2;1;3;0:11:49;3;0;0;1;0;0;2;0;0;1;11;9;2;0
17;18;0;0;0;1;1;2;0:09:19;1;2;2;1;0;0;3;0;0;1;11;12;1;0
18;16;1;1;0;1;2;4;0:01:49;1;6;1;1;0;0;2;0;0;1;11;12;2;0
18;16;1;2;1;2;2;6;0:15:19;3;14;1;0;0;0;2;0;0;1;11;0;0;0
1;4;0;0;0;2;2;6;0:10:03;3;18;1;1;0;0;2;0;0;1;11;4;4;0
3;4;0;0;0;1;1;1;0:04:51;1;3;1;1;0;0;1;0;0;1;11;8;3;0
11;15;2;1;-1;2;2;4;0:02:00;1;2;2;1;0;0;2;0;0;1;11;9;1;0
16;17;0;0;0;2;2;4;0:02:48;3;0;0;1;0;0;3;0;0;1;11;14;2;0
16;17;0;0;0;1;2;5;0:08:39;3;0;0;1;0;0;2;0;0;1;11;9;2;0
16;19;0;0;0;1;2;4;0:04:13;2;0;0;1;0;0;3;0;0;2;11;12;1;0
17;18;0;1;-1;1;2;5;0:06:32;1;2;1;1;0;0;2;0;0;1;11;9;2;0
1;4;0;0;0;2;1;2;0:05:51;3;0;0;1;1;0;3;0;0;1;10;1;1;0
1;4;0;0;0;1;2;4;0:04:05;3;18;2;1;0;0;3;0;0;1;10;11;2;0
1;5;0;0;0;1;1;3;0:11:00;1;2;1;1;1;0;1;0;0;2;10;9;1;0
2;1;0;1;1;2;1;2;0:05:59;1;2;2;1;0;0;8;0;0;1;10;16;1;0
2;1;0;1;1;2;2;5;0:07:38;3;0;0;1;1;0;8;0;0;1;10;12;2;0
3;1;0;3;-1;1;2;4;0:03:51;1;2;1;1;0;0;5;0;0;2;10;11;1;0
3;4;0;0;0;2;1;2;0:07:58;3;0;0;1;0;0;2;0;0;1;10;9;2;0
3;4;0;1;1;2;2;5;0:07:58;3;0;0;1;0;0;2;0;0;1;10;9;2;0
5;2;2;0;-1;2;2;5;0:09:09;1;3;1;1;1;0;3;0;0;1;10;11;1;0
5;2;2;0;-1;2;2;6;0:10:21;3;0;0;1;0;0;1;0;0;1;10;9;2;0
6;9;0;0;0;1;1;1;0:04:50;1;3;1;0;1;0;8;0;0;1;10;0;0;0
6;9;0;0;0;1;1;2;0:09:13;3;14;1;1;1;0;3;0;0;1;10;12;1;0
6;9;0;0;0;1;2;4;0:02:16;1;2;3;1;0;0;6;0;0;1;10;9;1;0
6;9;0;0;0;2;2;5;0:05:45;1;2;1;1;0;0;3;0;0;1;10;9;1;0
7;8;1;1;0;2;2;6;0:11:34;3;13;1;1;0;0;3;0;0;1;10;12;1;0
7;10;0;0;0;2;1;1;0:01:28;3;2;1;1;0;0;4;0;0;1;10;8;3;0
7;10;0;0;0;2;1;1;0:03:25;3;10;3;1;0;0;8;0;0;1;10;8;3;0
7;10;0;0;0;2;2;5;0:05:43;3;18;2;1;0;0;2;0;0;2;10;5;3;0
8;6;0;1;-1;1;1;3;0:12:03;3;1;4;1;1;0;3;0;0;1;10;6;1;0
8;6;2;1;1;1;2;6;0:13:59;3;0;0;1;0;0;3;0;0;1;10;9;1;0
9;8;2;0;-1;2;1;3;0:10:00;3;13;1;1;1;0;2;0;0;1;10;5;3;0
9;8;2;0;-1;2;2;5;0:06:09;2;0;0;1;0;0;1;0;0;2;10;9;1;0
10;9;0;1;1;2;2;4;0:02:58;1;2;2;1;0;0;3;0;0;1;10;12;1;0
11;14;4;0;-1;2;2;5;0:07:11;1;6;1;1;0;0;8;0;0;1;10;9;1;0
12;15;0;1;1;2;1;2;0:05:56;1;2;2;1;0;0;8;0;0;1;10;16;1;0
12;15;0;2;1;2;2;4;0:00:05;3;0;0;1;1;0;3;0;0;1;10;12;2;0
13;11;0;2;-1;1;2;4;0:02:26;1;2;1;1;0;0;3;0;0;1;10;12;1;0
13;11;0;3;1;2;2;6;0:10:06;1;2;1;1;0;0;2;0;0;1;10;9;1;0
13;11;0;3;-1;1;2;6;0:10:57;2;2;1;1;1;0;3;0;0;1;10;12;1;0
13;15;0;1;1;2;1;3;0:10:09;1;12;1;1;0;0;2;0;0;1;10;5;2;0
14;13;2;0;1;1;2;5;0:06:36;1;2;1;1;1;0;4;0;0;1;10;6;2;0
16;17;0;0;0;2;1;1;0:02:11;3;14;1;1;0;0;7;0;0;1;10;8;3;0
17;18;0;0;0;2;1;1;0:00:37;1;19;1;1;0;0;2;0;0;1;10;6;2;0
17;18;0;0;0;1;1;1;0:03:43;1;3;2;1;1;0;5;0;0;1;10;12;1;0
18;16;0;0;0;1;1;1;0:02:44;3;14;2;1;1;0;3;0;0;1;10;11;3;0
19;18;0;0;0;2;1;2;0:08:08;3;18;1;1;0;0;3;0;0;1;10;8;3;0
1;4;0;0;0;2;2;5;0:05:33;1;3;1;1;0;0;1;0;0;1;10;7;2;0
2;3;0;0;0;2;1;1;0:04:00;1;6;1;1;1;0;3;0;0;1;10;12;1;0
5;3;0;0;0;2;1;2;0:08:55;2;0;0;1;0;0;6;0;0;1;10;6;2;0
16;17;0;0;0;1;2;5;0:05:08;1;1;1;1;0;0;8;0;0;1;10;9;2;0
16;19;0;0;0;1;2;4;0:03:47;1;0;0;1;0;0;2;0;0;1;10;9;1;0
4;5;1;0;1;1;1;3;0:10:01;2;0;0;1;0;0;3;0;0;2;9;6;2;0
7;8;0;0;0;1;2;5;0:08:18;3;0;0;1;0;0;2;0;0;1;9;9;2;1
16;17;0;0;0;2;1;3;0:10:23;3;0;0;1;1;0;2;0;0;1;9;12;2;0
5;2;0;0;0;2;1;1;0:02:34;3;0;0;1;0;0;3;0;0;1;7;12;2;1
15;14;2;1;1;1;2;5;0:05:05;1;2;1;1;0;0;2;0;0;1;7;6;1;1
6;9;1;0;1;1;2;5;0:07:34;1;2;1;1;0;1;3;0;0;1;6;11;1;1
8;6;0;0;0;1;1;2;0:07:24;3;0;0;1;1;0;2;0;0;1;6;6;1;1
13;15;1;1;0;2;2;4;0:01:57;2;0;0;1;0;1;2;0;0;1;6;5;2;0
2;1;0;0;0;1;1;2;0:05:16;2;15;1;1;0;0;2;0;0;2;5;5;2;1
12;15;0;0;0;1;1;2;0:05:06;2;15;1;1;0;0;2;0;0;2;5;5;2;1
13;15;1;1;0;2;2;4;0:04:32;1;5;1;1;0;0;2;0;0;1;5;5;1;1
8;6;2;1;-1;2;2;6;0:15:00;1;2;1;1;1;1;3;0;0;1;4;14;1;1
18;16;1;0;1;1;1;2;0:08:56;1;15;2;1;0;0;3;0;0;1;3;7;2;1
9;8;3;0;1;1;2;6;0:13:31;1;10;1;1;0;0;3;0;0;1;2;8;1;1
11;14;3;0;-1;2;1;3;0:14:05;1;16;1;1;0;0;3;0;0;1;2;10;1;1
1;5;0;0;0;2;1;3;0:15:00;1;2;1;1;0;1;3;0;0;2;1;11;1;1
2;1;0;1;-1;1;1;3;0:11:38;2;5;2;1;0;1;3;0;0;1;1;8;2;0
12;15;0;1;-1;1;1;3;0:11:33;2;5;2;1;0;0;3;0;0;1;1;8;2;1
12;13;2;1;1;1;1;3;0:14:18;2;2;2;1;0;1;2;0;0;1;1;6;2;1
6;10;0;0;0;1;2;4;0:01:24;3;19;2;0;0;0;1;0;1;1;1;9;1;0
4;5;1;0;1;1;2;4;0:01:50;1;2;1;1;1;0;3;1;1;2;1;12;2;0
1;5;0;0;0;2;1;1;0:00:00;1;6;3;1;0;0;1;0;1;2;14;5;4;0
1;5;1;0;-1;2;2;5;0:09:40;2;2;1;1;1;0;1;0;1;2;14;8;0;0
2;1;0;0;0;1;1;1;0:01:33;1;2;2;0;0;0;5;0;1;2;14;0;0;0
2;1;0;1;-1;1;1;2;0:08:43;1;2;1;0;0;0;5;0;1;2;14;0;0;0
2;3;0;0;0;1;1;3;0:11:12;3;19;1;0;0;0;5;0;1;2;14;0;0;0
2;3;0;0;0;2;2;5;0:06:23;3;3;4;1;0;0;1;0;1;2;14;15;1;0
3;1;0;0;0;2;1;1;0:01:35;3;19;1;0;0;0;1;0;1;2;14;0;0;0
3;1;0;0;0;2;1;1;0:02:23;1;1;2;0;1;0;4;0;1;2;14;0;0;0
3;1;0;3;1;2;1;3;0:15:04;3;19;1;0;0;0;5;0;1;2;14;0;0;0
3;1;0;3;-1;1;2;4;0:01:21;2;0;0;0;0;1;4;1;1;2;14;0;0;0
3;4;0;0;0;2;1;2;0:05:11;1;19;1;0;0;0;5;0;1;2;14;0;0;0
3;4;0;0;0;2;1;3;0:10:41;1;1;2;0;0;0;1;0;1;2;14;0;0;0
3;4;0;0;0;2;1;3;0:13:20;2;19;2;0;0;0;8;0;1;2;14;0;0;0
3;4;0;1;1;2;2;5;0:05:11;1;19;1;0;0;0;5;0;1;2;14;0;0;0
3;4;0;1;1;2;2;6;0:10:41;1;1;2;0;0;0;1;0;1;2;14;0;0;0
3;4;0;1;-1;1;2;6;0:12:16;1;2;2;1;0;0;4;0;1;2;14;5;2;0
3;4;0;1;1;2;2;6;0:13:20;2;19;2;0;0;0;8;0;1;2;14;0;0;0
4;2;0;1;-1;1;2;4;0:00:34;1;19;2;0;0;0;5;0;1;2;14;0;0;0
4;2;0;1;-1;1;2;5;0:09:28;1;14;2;0;0;0;5;0;1;2;14;0;0;0
4;2;0;1;1;2;2;6;0:13:15;3;19;1;0;1;0;5;0;1;2;14;0;0;0
5;2;1;0;-1;2;1;3;0:10:40;3;19;1;0;0;0;5;0;1;2;14;0;0;0
5;2;1;0;1;1;1;3;0:11:35;3;3;2;0;1;0;1;0;1;2;14;0;0;0
5;2;2;0;1;1;1;3;0:12:58;1;2;3;0;0;0;1;0;1;2;14;0;0;0
5;2;2;0;1;1;2;5;0:08:24;1;2;1;0;0;0;5;0;1;2;14;0;0;0
5;3;0;0;0;1;2;4;0:04:42;3;19;1;0;1;1;1;0;1;2;14;0;0;0
5;3;0;0;0;1;2;4;0:04:47;3;19;1;0;1;1;1;0;1;2;14;0;0;0
5;3;0;0;0;1;2;5;0:06:22;1;2;1;0;0;0;1;0;1;2;14;0;0;0
5;3;0;0;0;1;2;5;0:09:30;2;0;0;1;1;1;2;1;1;2;14;1;1;0
5;3;1;0;-1;2;2;6;0:15:02;3;19;1;0;0;0;8;1;1;2;14;0;0;0
6;7;1;0;1;1;2;4;0:01:52;1;2;1;1;0;0;3;0;1;2;14;12;3;0
6;7;1;0;-1;2;2;4;0:03:18;3;19;1;0;0;0;5;0;1;2;14;0;0;0
6;7;1;0;1;1;2;5;0:05:01;3;19;1;0;0;0;1;0;1;2;14;0;0;0
6;7;1;0;-1;2;2;5;0:06:55;1;2;1;0;0;0;5;0;1;2;14;0;0;0
6;7;1;0;-1;2;2;5;0:07:40;3;19;1;0;0;0;5;0;1;2;14;0;0;0
6;7;1;1;0;2;2;6;0:11:21;1;2;1;0;0;0;4;0;1;2;14;0;0;0
6;9;0;0;0;1;1;1;0:02:45;3;3;1;0;1;0;5;0;1;2;14;0;0;0
6;9;0;0;0;1;1;3;0:14:52;3;19;1;0;0;0;5;0;1;2;14;0;0;0
6;9;0;0;0;1;2;4;0:01:13;3;2;1;0;0;0;1;0;1;2;14;0;0;0
6;9;1;2;-1;1;2;6;0:14:56;1;2;1;0;0;1;5;0;1;2;14;0;0;0
6;10;0;0;0;1;1;1;0:01:52;1;19;1;0;0;0;1;0;1;1;14;9;0;0
6;10;0;0;0;2;1;2;0:07:38;3;19;1;0;0;0;1;0;1;2;14;0;0;0
6;10;0;0;0;2;1;3;0:12:21;2;12;1;1;0;1;3;0;1;1;14;15;1;0
6;10;0;0;0;1;2;4;0:00:57;2;3;1;1;0;1;2;0;1;1;14;9;2;0
7;8;0;0;0;1;2;4;0:01:12;1;1;1;1;0;0;1;0;1;2;14;12;2;0
7;8;0;0;0;1;2;4;0:01:45;1;2;2;0;0;1;4;1;1;2;14;0;0;0
7;8;0;0;0;2;2;4;0:02:24;3;19;1;0;0;0;5;0;1;2;14;0;0;0
7;8;2;1;-1;2;2;6;0:15:06;3;0;0;0;0;1;1;0;1;2;14;0;0;0
7;10;0;0;0;2;1;1;0:00:10;1;19;1;0;0;0;4;0;1;2;14;0;0;0
7;10;0;0;0;1;1;2;0:07:44;3;19;1;0;0;0;5;0;1;2;14;0;0;0
7;10;0;0;0;1;1;2;0:09:18;3;2;3;0;0;0;1;0;1;2;14;0;0;0
7;10;0;0;0;1;2;4;0:01:15;1;2;3;0;0;0;4;0;1;2;14;0;0;0
8;6;0;1;1;2;1;3;0:14:14;1;2;2;0;0;0;2;0;1;2;14;0;0;0
8;6;1;1;0;1;2;5;0:06:25;3;19;2;0;0;0;1;0;1;2;14;0;0;0
8;10;0;0;0;2;1;3;0:10:00;1;2;3;1;0;0;1;0;1;1;14;12;1;0
9;7;0;0;0;2;1;1;0:04:03;2;19;1;0;1;0;5;0;1;2;14;0;0;0
9;7;0;0;0;1;1;1;0:04:18;1;19;1;0;0;0;1;0;1;2;14;0;0;0
9;7;1;0;-1;2;1;3;0:14:02;2;19;1;0;1;0;5;0;1;2;14;0;0;0
9;7;1;0;1;1;1;3;0:16:04;1;3;1;0;0;1;4;1;1;2;14;0;0;0
9;7;1;0;-1;2;2;4;0:02:13;1;1;2;0;0;1;1;0;1;2;14;0;0;0
9;7;1;0;1;1;2;6;0:14:15;1;2;3;0;0;1;4;1;1;2;14;0;0;0
9;7;1;0;-1;2;2;6;0:14:59;1;2;1;0;0;1;4;1;1;2;14;0;0;0
9;8;2;0;-1;2;1;1;0:04:58;1;19;2;0;0;0;4;0;1;2;14;0;0;0
9;8;2;0;1;1;1;3;0:10:39;1;8;1;1;0;0;1;0;1;2;14;12;1;0
9;8;2;0;-1;2;1;3;0:11:46;1;2;1;0;0;1;4;1;1;2;14;0;0;0
9;8;2;0;1;1;1;3;0:12:21;3;1;4;1;0;0;4;0;1;2;14;6;1;0
9;8;2;0;-1;2;2;4;0:03:59;1;2;2;0;0;1;1;0;1;2;14;0;0;0
9;8;2;0;-1;2;2;5;0:09:15;1;2;3;0;0;1;4;1;1;2;14;0;0;0
9;8;2;0;-1;2;2;6;0:11:25;1;19;1;0;0;0;4;0;1;2;14;0;0;0
10;9;0;0;0;1;1;1;0:01:41;1;4;1;0;0;0;1;0;1;2;14;0;0;0
10;9;0;0;0;2;1;2;0:07:42;1;2;2;0;0;1;4;1;1;2;14;0;0;0
10;9;0;0;0;1;1;3;0:10:50;1;2;3;0;1;0;1;0;1;2;14;0;0;0
10;9;0;0;0;2;1;3;0:13:44;1;6;1;0;0;1;4;1;1;2;14;0;0;0
11;12;2;1;1;1;2;4;0:00:30;4;0;0;1;1;0;2;0;1;2;14;12;1;0
11;14;3;0;-1;2;1;3;0:11:07;2;7;1;0;1;1;5;1;1;2;14;0;0;0
11;14;4;0;-1;2;2;5;0:06:02;1;19;2;1;0;1;4;0;1;2;14;5;3;0
11;14;4;0;-1;2;2;5;0:09:14;2;2;1;0;0;0;1;0;1;2;14;0;0;0
11;14;4;1;-1;2;2;6;0:12:54;1;2;1;0;0;0;1;0;1;2;14;0;0;0
11;15;2;1;1;1;2;4;0:00:30;4;0;0;1;1;0;2;0;1;2;14;12;1;0
12;13;1;1;0;2;1;2;0:05:13;1;19;1;0;0;0;5;0;1;2;14;0;0;0
12;13;1;1;0;2;1;2;0:06:57;3;19;1;0;0;0;3;0;1;2;14;0;0;0
12;13;2;3;1;2;2;5;0:07:11;3;2;2;1;1;0;3;0;1;2;14;8;3;0
12;13;2;3;-1;1;2;5;0:08:44;1;2;2;0;0;1;4;1;1;2;14;0;0;0
12;13;2;4;1;2;2;6;0:10:53;1;2;1;1;1;0;1;0;1;2;14;9;2;0
12;15;0;0;0;1;1;1;0:01:30;1;2;2;0;0;0;5;0;1;2;14;0;0;0
12;15;0;1;-1;1;1;2;0:08:41;1;2;1;0;0;0;5;0;1;2;14;0;0;0
12;15;0;2;1;2;1;3;0:13:21;3;3;1;0;0;0;5;0;1;2;14;0;0;0
12;15;0;2;1;2;2;4;0:03:27;1;2;3;0;0;0;1;0;1;2;14;0;0;0
13;11;0;2;-1;1;1;3;0:13:06;1;3;1;0;0;0;3;0;1;2;14;0;0;0
13;11;0;2;1;2;2;4;0:01:25;2;19;2;0;0;0;2;0;1;2;14;0;0;0
13;15;0;1;1;2;1;1;0:02:44;1;1;2;0;0;0;2;0;1;2;14;0;0;0
13;15;0;1;-1;1;1;1;0:03:18;3;19;1;0;0;0;3;0;1;2;14;0;0;0
13;15;0;1;1;2;1;3;0:13:07;3;19;1;0;0;0;1;0;1;2;14;0;0;0
14;13;2;0;1;1;2;4;0:02:03;3;19;1;0;0;0;4;0;1;1;14;0;0;0
14;13;2;1;-1;2;2;6;0:10:16;1;19;1;1;0;0;4;0;1;2;14;6;2;0
14;13;2;1;1;1;2;6;0:10:28;2;19;1;0;1;0;1;0;1;2;14;0;0;0
15;14;0;0;0;2;1;1;0:01:09;1;2;1;0;0;0;1;0;1;2;14;0;0;0
15;14;1;1;0;1;1;3;0:10:48;3;19;1;0;0;0;4;0;1;2;14;0;0;0
15;14;1;1;0;2;1;3;0:14:49;3;19;2;0;0;0;1;0;1;2;14;0;0;0
15;14;2;1;-1;2;2;4;0:03:17;1;19;2;0;0;1;5;1;1;2;14;0;0;0
15;14;2;1;-1;2;2;4;0:04:38;1;19;1;0;0;1;1;0;1;2;14;0;0;0
15;14;2;2;0;2;2;5;0:07:22;1;2;2;0;0;0;1;0;1;2;14;0;0;0
16;17;0;0;0;1;1;3;0:14:53;1;3;1;1;0;1;5;1;1;2;14;11;1;0
17;18;0;0;0;1;1;2;0:07:54;1;19;2;0;0;0;4;0;1;2;14;0;0;0
17;18;0;0;0;1;1;3;0:10:30;2;3;1;0;0;1;2;1;1;2;14;0;0;0
18;16;1;1;0;2;2;4;0:02:51;1;19;3;0;0;0;5;0;1;2;14;0;0;0
18;16;1;2;-1;1;2;6;0:11:21;1;19;1;0;0;1;5;1;1;2;14;0;0;0
19;17;1;1;0;2;1;2;0:08:00;3;19;1;0;0;0;1;1;1;1;14;0;0;0
19;17;2;1;1;1;2;4;0:01:29;1;0;0;1;0;1;2;0;1;1;14;9;2;0
19;18;0;0;0;2;1;1;0:00:55;2;19;2;0;1;0;5;0;1;2;14;0;0;0
19;18;0;0;0;2;1;2;0:08:38;3;19;2;0;0;1;4;1;1;2;14;0;0;0
19;18;0;0;0;1;1;3;0:13:21;1;7;1;1;0;1;3;1;1;2;14;12;3;0
19;18;0;0;0;1;1;3;0:15:40;1;2;1;0;0;1;5;0;1;2;14;0;0;0
3;1;0;0;0;1;1;1;0:02:11;2;0;0;1;0;1;4;1;1;2;14;6;2;0
3;4;0;0;0;1;1;3;0:12:16;1;2;2;1;0;0;4;0;1;2;14;5;2;0
12;13;0;1;-1;1;1;1;0:04:17;2;19;1;0;0;0;4;0;1;2;14;0;0;0
12;15;0;2;-1;1;2;4;0:02:18;3;2;1;0;0;0;5;0;1;2;14;0;0;0
12;15;0;2;-1;1;2;4;0:03:43;1;19;1;0;0;0;1;0;1;2;14;0;0;0
12;15;0;2;-1;1;2;5;0:09:54;1;19;2;0;0;0;1;0;1;2;14;0;0;0
13;11;0;1;1;2;1;1;0:03:23;1;19;1;0;1;0;1;0;1;2;14;0;0;0
16;17;0;0;0;2;2;4;0:03:51;1;2;1;0;0;0;5;0;1;2;14;0;0;0
16;19;0;0;0;1;2;4;0:00:28;1;6;2;1;0;1;2;0;1;2;14;8;2;0
16;19;0;0;0;1;2;5;0:06:03;1;10;1;1;0;0;2;0;1;2;14;1;2;0
16;19;0;0;0;1;2;6;0:10:50;1;2;3;0;1;0;1;0;1;2;14;0;0;0
16;19;0;0;0;2;2;6;0:13:44;1;6;1;0;0;1;4;1;1;1;14;0;0;0
17;18;0;0;0;1;2;4;0:01:46;1;1;3;0;0;1;4;1;1;2;14;0;0;0
17;18;0;0;0;1;2;4;0:03:06;2;19;1;0;0;0;5;0;1;2;14;0;0;0
18;16;1;1;0;2;1;2;0:09:30;3;19;1;0;1;0;4;0;1;2;14;0;0;0
19;18;3;0;1;1;2;6;0:13:49;1;19;1;0;0;0;1;0;1;2;14;0;0;0
1;4;0;0;0;1;1;3;0:11:47;3;19;1;0;0;0;3;0;1;1;13;0;0;0
1;5;1;0;1;1;2;6;0:10:40;2;0;0;1;1;0;3;0;1;2;13;2;1;0
1;5;1;0;-1;2;2;6;0:11:30;1;0;0;1;0;1;2;0;1;1;13;1;1;0
2;1;0;1;-1;1;2;5;0:08:06;1;2;1;1;1;0;2;0;1;1;13;12;1;0
2;3;0;0;0;1;1;3;0:13:46;2;19;1;0;0;0;8;0;1;1;13;0;0;0
3;4;0;0;0;2;1;3;0:12:50;1;1;2;0;0;0;4;0;1;1;13;0;0;0
3;4;0;1;1;2;2;6;0:12:50;1;1;2;0;0;0;4;0;1;1;13;0;0;0
4;2;0;1;-1;1;1;3;0:15:16;3;19;1;0;1;0;5;0;1;1;13;0;0;0
5;2;1;0;-1;2;1;2;0:08:26;3;14;1;0;1;0;2;0;1;1;13;0;0;0
5;2;1;0;-1;2;1;2;0:09:18;3;3;4;1;1;0;1;0;1;1;13;11;3;0
5;2;1;0;-1;2;1;2;0:09:53;1;4;2;0;1;0;2;0;1;1;13;0;0;0
5;3;0;0;0;2;2;5;0:08:45;1;2;1;1;1;1;4;1;1;1;13;5;3;0
6;7;0;0;0;1;1;1;0:04:19;1;8;1;1;1;0;5;0;1;1;13;14;1;0
6;7;0;0;0;2;1;2;0:06:12;1;9;2;0;1;0;2;0;1;1;13;0;0;0
6;7;1;0;1;1;2;5;0:06:25;1;14;2;0;1;0;2;0;1;1;13;0;0;0
6;7;1;1;0;1;2;6;0:11:54;3;14;2;0;1;0;2;0;1;1;13;0;0;0
6;10;0;0;0;1;1;3;0:15:11;1;2;3;0;0;0;2;0;1;1;13;0;0;0
7;8;0;0;0;1;1;1;0:01:20;2;3;1;0;1;0;1;1;1;1;13;0;0;0
7;8;0;0;0;1;1;3;0:10:20;1;4;2;0;1;0;1;0;1;1;13;0;0;0
7;8;0;0;0;2;2;4;0:02:11;3;1;4;0;1;0;2;0;1;1;13;0;0;0
7;8;0;0;0;2;2;5;0:07:17;1;19;1;1;1;0;1;0;1;1;13;12;3;0
7;10;0;0;0;1;1;1;0:01:51;1;19;1;0;0;0;2;0;1;1;13;0;0;0
7;10;0;0;0;2;1;2;0:05:05;3;10;3;0;1;1;5;0;1;1;13;0;0;0
8;10;0;0;0;2;1;1;0:01:00;1;2;2;1;0;1;1;0;1;1;13;8;2;0
8;10;0;0;0;1;1;3;0:11:00;2;2;1;1;0;0;4;1;1;1;13;9;1;0
8;10;0;0;0;2;2;4;0:02:00;1;3;4;1;0;0;2;0;1;1;13;12;1;0
8;10;0;0;0;2;2;5;0:06:00;3;0;0;1;0;0;3;0;1;1;13;6;1;0
8;10;0;0;0;2;2;6;0:13:50;2;0;0;1;1;0;1;0;1;2;13;2;1;0
9;7;1;0;1;1;2;6;0:11:13;1;1;2;1;0;0;4;0;1;1;13;5;3;0
9;8;2;0;-1;2;1;3;0:11:30;3;8;1;0;1;0;3;0;1;1;13;0;0;0
10;9;0;1;1;2;2;5;0:08:48;2;2;3;0;1;0;2;0;1;1;13;0;0;0
11;12;2;1;1;1;2;6;0:11:00;2;2;1;1;0;0;2;1;1;2;13;5;2;0
11;12;3;1;-1;2;2;6;0:14:20;1;2;3;1;0;0;1;0;1;1;13;12;1;0
11;14;0;0;0;1;1;1;0:01:08;3;14;1;0;0;1;2;0;1;1;13;0;0;0
11;15;2;1;1;1;2;6;0:11:00;2;2;1;1;0;0;2;1;1;2;13;5;2;0
12;13;1;1;0;2;1;2;0:07:21;2;0;0;1;0;0;2;0;1;2;13;2;2;0
12;13;2;4;1;2;2;6;0:12:10;1;18;1;1;0;0;1;0;1;1;13;0;0;0
13;11;0;1;-1;1;1;1;0:04:29;1;1;2;1;0;0;3;0;1;1;13;11;1;0
13;11;0;2;1;2;2;5;0:07:04;3;14;2;0;1;0;4;1;1;1;13;0;0;0
13;11;0;2;-1;1;2;5;0:07:58;1;17;1;0;0;1;1;1;1;1;13;0;0;0
13;11;0;3;1;2;2;6;0:12:09;2;12;1;0;0;1;3;1;1;1;13;0;0;0
13;11;0;3;1;2;2;6;0:13:21;1;2;1;1;1;0;4;0;1;1;13;9;2;0
14;13;2;0;-1;2;1;3;0:14:45;3;19;1;0;0;0;3;1;1;1;13;0;0;0
16;19;0;0;0;2;1;1;0:04:41;2;2;1;1;0;0;1;0;1;1;13;9;3;0
16;19;0;0;0;2;1;3;0:12:25;3;0;0;0;0;0;2;0;1;1;13;0;0;0
19;17;2;1;1;1;2;4;0:02:12;3;0;0;1;0;0;1;0;1;2;13;16;1;0
19;18;0;0;0;2;1;3;0:15:01;1;17;1;0;0;0;3;0;1;1;13;0;0;0
19;18;2;0;-1;2;2;6;0:10:38;2;9;2;0;0;1;1;1;1;1;13;0;0;0
11;15;3;1;-1;2;2;6;0:14:20;1;2;3;1;0;0;1;0;1;1;13;12;1;0
12;13;1;1;0;1;1;2;0:08:21;3;1;1;0;1;0;1;0;1;1;13;0;0;0
12;13;1;1;0;1;1;2;0:08:59;1;2;2;0;0;0;4;0;1;1;13;0;0;0
16;17;0;0;0;2;2;4;0:01:17;3;18;2;1;1;1;2;0;1;1;13;5;3;0
16;17;0;0;0;2;2;6;0:11:11;1;18;1;0;1;0;3;0;1;1;13;0;0;0
17;18;0;0;0;1;2;4;0:03:48;2;19;1;1;0;1;1;1;1;1;13;2;2;0
17;18;0;1;-1;1;2;6;0:13:59;3;19;1;0;0;1;5;1;1;1;13;0;0;0
8;6;0;0;0;2;1;1;0:04:44;1;19;1;1;0;1;3;0;1;1;12;14;1;0
9;7;1;0;-1;2;2;4;0:02:47;1;2;1;1;0;1;3;1;1;1;12;12;1;0
16;19;0;0;0;1;1;2;0:09:01;1;0;0;1;0;0;8;1;1;2;12;6;2;0
19;17;0;0;0;2;1;1;0:00:26;1;19;1;1;0;1;2;0;1;1;12;9;1;0
19;17;1;1;0;2;1;3;0:13:59;2;1;2;0;0;1;3;1;1;2;11;11;0;0
19;17;2;1;1;1;2;4;0:01:43;3;0;0;1;0;0;1;0;1;1;11;16;1;0
4;5;1;0;1;1;2;4;0:01:18;3;13;2;1;1;1;2;1;1;2;11;12;1;0
4;5;2;0;-1;2;2;5;0:08:52;1;19;1;1;0;0;2;1;1;1;10;12;1;0
6;10;0;0;0;1;2;4;0:02:21;1;10;1;1;0;0;2;0;1;1;10;6;2;0
16;19;0;0;0;2;1;3;0:13:12;2;2;1;1;0;0;2;0;1;2;10;9;2;0
4;5;1;0;1;1;2;4;0:01:57;1;2;3;1;0;0;8;1;1;2;10;6;1;0
19;17;1;1;0;1;1;3;0:12:27;1;2;1;1;0;0;3;0;1;3;10;12;3;0
2;3;0;1;1;2;2;6;0:13:00;3;0;0;1;1;1;2;0;1;1;9;3;1;0
14;13;0;0;0;1;1;2;0:05:08;3;0;0;1;1;0;3;1;1;1;9;14;2;0
16;19;0;0;0;1;1;3;0:11:39;3;14;2;1;0;0;3;0;1;1;9;6;2;0
18;16;1;1;0;1;1;3;0:13:35;1;2;1;1;1;0;2;0;1;1;9;2;1;0
16;17;0;0;0;2;2;4;0:01:55;2;0;0;1;1;0;4;0;1;1;9;6;2;0
13;11;0;1;1;2;1;2;0:09:12;3;1;4;1;0;0;2;0;1;1;8;6;2;0
7;10;0;0;0;2;2;6;0:10:17;1;7;2;1;1;0;3;0;1;1;7;14;2;0
16;17;0;0;0;1;2;6;0:11:51;3;3;4;1;1;0;3;1;1;1;7;14;1;0
18;16;1;1;0;2;1;3;0:13:15;3;3;1;1;1;1;3;1;1;1;7;9;3;0
6;10;0;0;0;2;1;1;0:02:38;3;1;1;1;1;1;2;0;1;2;6;9;1;0
8;6;1;1;0;1;2;5;0:05:04;2;2;1;1;0;0;2;0;1;1;6;9;3;0
11;12;2;1;-1;2;2;4;0:01:00;1;1;1;1;1;0;2;0;1;1;6;6;1;0
18;16;1;2;1;2;2;6;0:14:33;3;0;0;1;0;0;2;0;1;1;6;12;2;0
19;17;1;1;0;2;1;3;0:11:09;3;0;0;1;1;0;2;1;1;1;6;6;3;0
11;15;2;1;-1;2;2;4;0:01:00;1;1;1;1;1;0;2;0;1;1;6;6;1;0
16;19;0;0;0;1;2;4;0:03:32;1;0;0;1;1;0;3;1;1;1;6;12;3;0
16;19;0;0;0;1;2;5;0:05:21;3;0;0;1;0;1;2;0;1;2;6;6;1;0
19;17;1;0;1;1;1;2;0:05:51;2;4;1;0;0;1;1;0;1;1;6;8;0;0
2;1;0;0;0;1;1;1;0:01:11;2;0;0;1;0;0;8;0;1;1;5;6;1;0
5;2;1;0;1;1;1;2;0:06:34;3;0;0;1;1;0;2;0;1;1;5;9;1;0
6;7;1;1;0;1;2;6;0:14:27;1;2;2;1;0;0;2;0;1;1;5;9;2;0
6;9;0;0;0;2;1;2;0:06:39;1;2;1;1;0;0;4;1;1;1;5;9;1;0
6;9;0;0;0;1;1;3;0:15:43;2;1;2;1;0;0;8;0;1;1;5;6;1;0
6;9;1;2;-1;1;2;6;0:14:37;1;1;1;1;0;0;2;0;1;1;5;11;1;0
6;10;0;0;0;1;2;4;0:04:44;1;2;1;1;0;1;2;0;1;2;5;9;1;0
7;10;0;0;0;2;2;5;0:08:18;1;5;1;1;0;1;2;0;1;1;5;3;1;0
8;6;0;0;0;1;1;2;0:06:28;1;2;1;1;0;0;2;0;1;1;5;6;1;0
8;6;0;1;-1;1;2;4;0:01:42;1;9;1;1;0;0;3;0;1;1;5;9;3;0
8;6;1;1;0;1;2;5;0:06:56;1;2;4;1;0;1;3;0;1;1;5;9;1;0
8;6;2;1;1;1;2;6;0:11:33;3;3;2;2;1;0;2;0;1;1;5;11;3;0
9;8;2;0;1;1;2;5;0:09:05;1;19;2;1;0;0;6;0;1;1;5;6;2;0
12;15;0;0;0;1;1;1;0:01:13;2;0;0;1;0;0;8;0;1;1;5;6;1;0
13;15;1;1;0;1;2;4;0:02:28;1;2;1;1;0;1;8;0;1;1;5;12;1;0
17;18;0;0;0;2;1;3;0:12:10;1;13;1;1;0;1;2;0;1;1;5;11;1;0
19;18;0;0;0;2;1;3;0:11:26;3;3;1;2;0;0;1;0;1;1;5;8;3;0
11;12;3;1;1;1;2;6;0:12:40;3;0;0;1;0;0;2;0;1;1;4;12;3;0
11;15;3;1;1;1;2;6;0:12:40;3;0;0;1;0;0;2;0;1;1;4;12;3;0
17;18;0;0;0;2;1;3;0:15:03;3;0;0;1;0;0;3;0;1;1;4;9;2;0
1;5;1;0;1;1;2;5;0:08:00;2;0;0;1;0;1;2;0;1;1;3;9;1;0
2;1;0;0;0;1;1;1;0:04:31;3;0;0;1;0;0;3;0;1;1;3;9;2;0
2;1;0;1;-1;1;1;2;0:06:21;1;2;1;1;0;0;2;0;1;1;3;6;1;0
4;5;0;0;0;2;1;1;0:01:02;1;19;1;1;1;0;2;0;1;1;3;6;1;0
4;5;2;0;-1;2;2;5;0:08:06;1;3;2;1;0;1;2;1;1;2;3;9;1;0
5;2;2;0;1;1;2;6;0:14:05;3;18;2;1;0;1;2;0;1;1;3;9;2;0
6;7;0;0;0;2;1;3;0:13:29;3;13;2;1;0;0;2;0;1;1;3;8;3;0
6;7;0;0;0;1;1;3;0:13:56;1;2;1;1;0;1;3;0;1;1;3;6;2;0
7;8;2;1;-1;2;2;6;0:14:09;1;2;1;1;0;1;3;1;1;1;3;12;1;0
8;6;0;0;0;2;1;1;0:01:48;3;3;4;1;0;0;2;0;1;1;3;9;2;0
8;6;0;1;1;2;1;2;0:09:08;3;1;4;1;0;1;4;0;1;1;3;15;2;0
8;10;0;0;0;1;1;2;0:05:00;3;0;0;1;0;1;2;0;1;1;3;9;1;0
8;10;0;0;0;1;1;3;0:10:20;2;2;1;1;0;0;2;1;1;1;3;9;1;0
9;7;1;0;1;1;1;3;0:13:48;3;3;1;1;0;0;2;0;1;1;3;6;2;0
10;9;0;0;0;2;1;3;0:10:35;1;2;1;1;0;1;2;0;1;1;3;12;1;0
10;9;0;2;1;2;2;6;0:15:02;1;1;1;1;0;1;3;1;1;1;3;6;1;0
12;15;0;0;0;1;1;1;0:04:33;3;0;0;1;0;0;3;0;1;1;3;9;2;0
12;15;0;1;-1;1;1;2;0:06:18;1;2;1;1;0;0;2;0;1;1;3;6;1;0
12;15;0;1;1;2;1;2;0:07:02;3;0;0;1;0;1;6;0;1;1;3;6;1;0
12;15;0;2;1;2;2;6;0:11:25;3;0;0;1;0;1;2;1;1;1;3;6;1;0
13;11;0;3;1;2;2;6;0:12:29;1;2;1;1;0;1;2;0;1;1;3;6;2;0
13;15;1;1;0;2;2;4;0:03:34;1;19;1;1;0;0;4;0;1;1;3;6;2;0
19;18;2;0;-1;2;2;6;0:11:24;1;9;2;1;0;1;2;0;1;1;3;5;2;0
11;14;4;0;1;1;2;4;0:03:07;2;2;1;1;0;0;2;0;1;1;3;2;2;0
16;19;0;0;0;2;2;6;0:10:35;1;1;1;1;1;1;2;0;1;2;3;12;1;0
17;18;0;0;0;1;2;4;0:02:57;1;2;1;1;0;0;2;0;1;1;3;6;1;0
18;16;1;1;0;2;1;2;0:09:44;2;2;1;1;0;1;7;1;1;1;3;12;2;0
19;18;1;0;1;1;2;5;0:05:43;2;1;2;1;0;1;3;1;1;1;3;9;2;0
1;5;0;0;0;2;1;3;0:11:40;1;2;1;1;0;0;1;1;1;2;2;9;1;0
1;5;1;0;1;1;2;5;0:09:00;1;3;1;1;0;0;4;0;1;2;2;12;1;0
1;5;1;0;-1;2;2;6;0:10:10;3;18;1;1;0;1;3;0;1;2;2;8;1;0
2;1;0;1;-1;1;2;4;0:01:38;1;2;1;1;0;0;3;0;1;1;2;9;2;0
2;3;0;0;0;2;2;4;0:03:56;1;2;1;1;0;0;2;0;1;1;2;6;2;0
3;1;0;3;-1;1;2;5;0:05:13;1;3;1;1;0;1;2;0;1;1;2;12;1;0
3;1;0;3;1;2;2;6;0:10:24;1;2;1;1;0;0;6;0;1;1;2;3;2;0
3;1;0;3;-1;1;2;6;0:10:59;1;12;1;1;0;1;3;1;1;1;2;8;1;0
4;2;0;1;1;2;2;6;0:11:15;3;14;1;1;0;1;2;0;1;1;2;12;1;0
4;5;0;0;0;2;1;1;0:04:26;3;8;4;1;0;0;3;1;1;1;2;14;3;0
6;9;0;0;0;1;1;2;0:07:24;2;2;2;1;0;1;3;0;1;1;2;12;1;0
8;6;0;1;-1;1;1;2;0:09:26;2;17;1;1;0;0;2;0;1;1;2;7;1;0
8;6;1;1;0;2;2;5;0:05:12;2;19;1;1;0;0;1;0;1;1;2;9;3;0
8;10;0;0;0;1;2;4;0:01:00;2;13;1;1;0;0;2;0;1;1;2;8;1;0
9;7;1;0;1;1;1;3;0:10:38;3;2;1;1;0;1;2;0;1;1;2;5;3;0
11;12;2;1;-1;2;2;4;0:04:00;1;5;1;1;0;0;3;0;1;1;2;6;1;0
11;12;2;1;-1;2;2;4;0:04:30;2;0;0;1;0;1;4;0;1;1;2;12;1;0
12;15;0;2;1;2;2;6;0:10:05;1;19;1;1;0;1;1;0;1;1;2;9;1;0
13;15;0;1;1;2;1;2;0:05:58;1;3;1;1;0;1;2;1;1;1;2;12;1;0
14;13;2;0;1;1;2;4;0:03:30;1;2;1;1;0;0;2;0;1;1;2;12;1;0
14;13;2;0;1;1;2;5;0:07:58;1;2;2;1;0;1;2;1;1;1;2;9;2;0
15;14;1;1;0;1;1;2;0:06:58;1;1;2;1;0;0;3;0;1;1;2;8;4;0
15;14;2;2;0;1;2;5;0:06:16;1;6;2;1;0;1;3;1;1;1;2;8;1;0
17;18;0;1;1;2;2;6;0:10:29;3;0;0;1;0;0;3;0;1;1;2;9;2;0
18;16;0;0;0;1;1;1;0:01:48;2;3;1;1;0;0;2;0;1;1;2;12;1;0
19;18;1;0;-1;2;2;4;0:02:30;1;7;1;1;0;1;2;1;1;1;2;6;1;0
19;18;2;0;-1;2;2;6;0:10:09;2;1;2;1;0;1;4;1;1;1;2;2;2;0
5;3;0;0;0;2;1;2;0:08:39;1;2;1;1;0;0;5;0;1;2;2;8;1;0
11;12;0;0;0;2;1;1;0:02:00;2;2;1;1;0;1;3;0;1;1;2;6;3;0
11;14;4;0;1;1;2;5;0:08:41;3;1;4;1;0;1;7;0;1;1;2;6;1;0
11;15;0;0;0;2;1;1;0:02:00;2;2;1;1;0;1;3;0;1;1;2;6;3;0
11;15;2;1;-1;2;2;4;0:04:00;1;5;1;1;0;0;3;0;1;1;2;6;1;0
11;15;2;1;-1;2;2;4;0:04:30;2;0;0;1;0;1;4;0;1;1;2;12;1;0
17;18;0;0;0;1;2;4;0:02:20;2;19;2;1;0;1;5;1;1;1;2;12;1;0
18;16;0;0;0;2;1;2;0:05:30;1;19;1;1;0;0;3;0;1;1;2;9;2;0
1;4;0;0;0;2;1;3;0:11:31;1;17;1;1;0;0;2;0;1;1;1;10;3;0
3;1;0;1;1;2;1;3;0:10:07;1;2;1;1;0;1;2;1;1;1;1;6;2;0
4;5;2;0;-1;2;2;5;0:07:45;1;0;0;1;0;0;2;1;1;2;1;9;2;0
6;9;1;2;-1;1;2;6;0:11:39;3;0;0;1;0;1;3;1;1;1;1;8;1;0
7;10;0;0;0;1;2;5;0:06:44;1;13;1;1;0;1;3;0;1;1;1;11;1;0
7;10;0;0;0;2;2;5;0:09:16;1;19;1;1;0;1;8;1;1;1;1;7;1;0
8;10;0;0;0;2;2;6;0:14:00;3;3;4;1;0;1;3;0;1;1;1;11;1;0
9;7;1;0;1;1;1;3;0:15:34;3;10;3;1;0;1;3;0;1;1;1;10;3;0
12;15;0;2;1;2;1;3;0:12:51;3;11;3;1;0;1;3;1;1;1;1;11;1;0
13;15;2;1;-1;2;2;6;0:15:56;2;0;0;1;0;0;3;0;1;1;1;6;2;0
17;18;0;0;0;2;1;3;0:11:36;1;2;1;1;0;0;5;0;1;1;1;12;1;0
1;4;0;0;0;2;2;4;0:01:03;1;18;2;1;0;1;3;0;1;1;1;13;1;0
2;3;0;0;0;2;1;3;0:14:17;1;13;1;1;0;1;3;1;1;1;1;11;2;0
3;1;0;0;0;1;1;1;0:01:07;1;3;2;1;0;0;3;0;1;1;1;6;2;0
11;12;1;0;-1;2;1;2;0:05:00;1;3;1;1;0;0;3;0;1;1;1;12;1;0
11;15;1;0;-1;2;1;2;0:05:00;1;3;1;1;0;0;3;0;1;1;1;12;1;0
8;6;0;1;-1;1;1;3;0:10:34;2;6;2;1;0;1;5;1;1;2;14;11;3;0
11;14;4;0;-1;2;2;5;0:09:00;2;2;1;1;1;0;4;1;1;2;14;6;1;0
16;17;0;0;0;1;1;3;0:10:45;2;19;2;0;1;0;4;0;1;2;14;0;0;0
6;10;0;0;0;1;1;3;0:11:42;1;19;1;1;0;1;3;0;1;1;13;11;1;0
8;10;0;0;0;1;2;6;0:12:30;3;0;0;1;0;1;3;0;1;2;13;9;1;0
18;16;1;2;1;2;2;4;0:04:59;3;18;1;0;1;0;2;1;1;1;13;0;0;0
19;17;2;2;0;2;2;5;0:08:37;3;0;0;1;0;1;2;0;1;2;13;6;1;0
16;19;0;0;0;1;1;2;0:08:39;1;2;1;0;0;0;2;0;1;2;11;0;0;0
14;13;1;0;1;1;1;3;0:11:47;2;0;0;1;0;0;1;0;1;1;9;9;1;0
13;15;2;1;-1;2;2;6;0:16:36;1;2;1;1;1;0;2;0;1;1;8;12;1;0
18;16;1;2;-1;1;2;6;0:10:17;1;3;4;1;0;0;2;0;1;1;8;14;2;0
5;3;0;0;0;1;1;2;0:06:18;1;1;4;1;1;0;6;0;1;1;6;2;2;0
9;7;0;0;0;1;1;1;0:03:47;1;2;1;1;0;0;3;0;1;1;5;12;1;0
5;2;2;0;-1;2;2;5;0:07:32;3;0;0;1;0;0;2;0;1;1;4;6;1;0
12;15;0;2;-1;1;2;5;0:07:43;2;2;1;1;0;1;2;1;1;1;4;10;2;0
2;1;0;1;1;2;1;2;0:07:02;3;0;0;1;0;1;6;0;1;1;3;6;1;0
3;1;0;3;-1;1;2;5;0:06:35;1;2;1;1;0;1;1;1;1;2;3;11;1;0
1;4;0;0;0;2;2;6;0:13:15;1;2;1;1;0;1;8;1;1;2;3;6;2;0
6;9;0;0;0;1;1;2;0:09:32;1;2;2;1;0;1;8;0;1;1;2;9;1;0
2;3;0;0;0;2;1;2;0:07:55;1;2;2;1;0;1;2;1;1;1;2;6;2;0
4;5;1;0;-1;2;1;3;0:11:34;1;2;1;1;1;0;3;1;1;2;1;11;3;0
5;3;0;0;0;1;1;1;0:03:04;2;0;0;1;1;1;3;1;1;1;1;9;2;0
6;9;0;0;0;1;1;1;0:03:13;2;19;2;1;0;1;5;0;1;1;1;11;1;0
11;14;4;0;1;1;2;5;0:06:44;1;2;1;1;0;1;3;0;1;1;1;13;1;0
13;15;0;1;-1;1;1;1;0:02:31;3;3;2;1;1;1;5;1;2;2;14;12;1;0
19;17;2;1;-1;2;2;4;0:02:53;1;3;1;1;0;1;2;0;2;2;14;9;1;0
13;11;0;0;0;1;1;1;0:02:53;1;1;2;1;0;1;4;1;2;1;2;12;2;1
10;9;0;1;-1;1;2;6;0:10:20;2;2;1;1;1;1;3;1;2;1;1;8;1;1
11;12;0;0;0;2;1;1;0:00:00;1;2;3;1;0;1;3;0;2;1;1;14;1;0
11;15;0;0;0;2;1;1;0:00:00;1;2;3;1;0;1;3;0;2;1;1;14;1;0
11;14;4;0;-1;2;2;4;0:01:18;1;5;1;0;0;1;3;1;2;2;14;0;0;0
16;19;0;0;0;1;2;4;0:02:02;3;14;1;1;0;1;2;1;2;1;14;9;3;0
3;1;0;5;-1;1;2;6;0:15:06;3;14;1;1;1;1;3;1;2;1;13;1;2;0
11;14;4;1;-1;2;2;6;0:13:18;3;1;4;1;0;1;4;0;2;1;13;5;1;0
11;12;2;1;-1;2;1;3;0:13:40;1;18;1;0;1;0;4;1;2;2;13;0;0;0
11;15;2;1;-1;2;1;3;0:13:40;1;18;1;0;1;0;4;1;2;2;13;0;0;0
6;10;0;0;0;2;1;2;0:05:11;3;14;1;0;1;1;1;0;2;1;11;8;0;0
19;17;2;2;0;2;2;5;0:06:35;3;0;0;1;1;1;2;0;2;1;10;6;1;0
18;16;0;0;0;1;1;1;0:02:26;2;0;0;1;1;0;2;1;2;1;9;1;2;0
1;4;0;0;0;2;1;3;0:10:29;1;2;2;1;1;1;7;1;2;1;8;9;1;0
4;2;0;0;0;1;1;1;0:03:38;1;19;1;1;1;1;4;1;2;1;8;6;2;0
8;6;2;1;1;1;2;5;0:09:54;2;2;3;1;1;1;8;1;2;1;8;9;1;0
12;15;0;2;1;2;2;5;0:06:52;3;0;0;1;1;0;3;0;2;1;8;12;2;0
3;1;0;1;-1;1;1;2;0:08:35;1;1;1;1;1;1;3;1;2;1;8;11;2;0
2;3;0;1;1;2;2;6;0:10:47;3;0;0;1;0;1;2;1;2;1;6;6;1;0
5;2;2;0;-1;2;2;4;0:01:05;1;2;1;1;1;1;6;1;2;1;6;5;2;0
7;10;0;0;0;2;2;6;0:13:59;1;2;1;1;0;1;4;1;2;1;6;1;2;0
11;12;2;1;1;1;2;4;0:00:50;2;2;3;1;1;1;3;0;2;2;6;12;1;0
11;12;2;1;-1;2;2;5;0:09:00;1;2;1;1;1;1;3;0;2;1;6;14;1;0
11;15;2;1;1;1;2;4;0:00:50;2;2;3;1;1;1;3;0;2;2;6;12;1;0
16;17;0;0;0;2;1;1;0:01:47;2;0;0;1;1;1;2;1;2;1;6;12;1;0
16;17;0;0;0;1;1;2;0:06:54;3;3;1;1;1;1;2;1;2;1;6;8;3;0
5;3;0;0;0;2;1;2;0:09:24;2;1;2;1;1;1;5;1;2;1;6;9;1;0
11;15;2;1;-1;2;2;5;0:09:00;1;2;1;1;1;1;3;0;2;1;6;14;1;0
6;7;0;0;0;1;1;1;0:01:45;1;2;1;1;0;1;4;1;2;1;5;5;1;0
9;7;1;0;1;1;2;5;0:07:23;1;2;1;1;1;1;5;1;2;1;4;12;1;0
9;8;1;0;1;1;1;1;0:03:30;1;2;1;1;0;1;2;1;2;1;3;2;2;0
18;16;1;2;-1;1;2;5;0:05:20;1;2;3;1;1;1;2;1;2;1;3;9;2;0
19;18;0;0;0;1;1;3;0:14:28;3;0;0;1;0;1;3;1;2;1;3;14;1;0
19;18;1;0;-1;2;2;5;0:07:57;1;8;1;1;1;1;3;1;2;1;2;14;2;1
2;1;0;1;-1;1;1;2;0:09:31;3;1;4;1;1;1;6;1;2;1;1;6;2;0
2;1;0;1;1;2;2;6;0:16:07;3;0;0;1;1;1;2;1;2;1;1;9;1;0
2;3;0;0;0;2;2;4;0:01:37;2;0;0;1;1;1;3;1;2;1;1;14;1;0
4;2;0;0;0;1;1;2;0:07:50;1;8;1;1;1;1;5;1;2;1;1;13;1;0
4;2;0;1;1;2;2;6;0:11:57;1;2;1;1;0;1;5;1;2;1;1;14;1;0
12;15;0;1;-1;1;1;2;0:09:32;3;1;4;1;1;1;6;1;2;1;1;6;2;0
12;15;0;3;1;2;2;6;0:13:05;2;19;1;1;0;1;1;0;2;2;1;12;1;0
15;14;1;0;1;1;1;1;0:04:40;1;2;1;1;0;1;3;0;2;1;1;13;1;0
19;18;0;0;0;2;1;3;0:12:43;1;18;1;1;0;1;2;0;2;1;1;8;1;0
9;8;1;0;1;1;1;1;0:04:28;3;18;2;1;0;1;3;0;2;1;2;11;3;1
11;12;2;1;-1;2;2;6;0:12:00;1;11;1;1;0;1;3;1;2;2;2;8;3;1
11;12;2;0;-1;2;1;3;0:10:00;2;0;0;1;0;1;4;1;2;1;2;8;3;1
11;15;2;0;-1;2;1;3;0:10:00;2;0;0;1;0;1;4;1;2;1;2;8;3;1
11;15;2;1;-1;2;2;6;0:12:00;1;11;1;1;0;1;3;1;2;2;2;8;3;1
6;9;0;0;0;2;2;5;0:06:52;2;15;1;1;0;1;4;1;2;1;1;5;1;1
5;2;2;0;1;1;2;4;0:03:34;3;18;2;0;1;1;5;0;3;1;13;0;0;0
9;7;1;0;1;1;2;6;0:10:25;3;14;2;0;1;1;4;1;3;1;13;0;0;0
7;8;0;0;0;2;1;3;0:14:10;2;19;1;0;0;0;1;0;3;3;15;0;0;0
8;10;0;0;0;1;2;6;0:12:00;2;2;1;1;0;0;1;0;3;2;15;9;1;0
4;5;1;0;1;1;1;3;0:14:47;1;2;2;2;0;0;2;0;3;1;14;1;2;0
8;6;2;1;1;1;2;5;0:09:22;3;0;0;0;0;1;5;0;3;2;14;0;0;0
13;15;0;1;-1;1;1;2;0:08:05;1;3;1;0;0;1;1;0;3;2;14;0;0;0
16;19;0;0;0;1;2;5;0:05:49;1;1;2;0;0;1;2;0;3;2;14;0;0;0
4;5;2;0;-1;2;2;5;0:06:26;3;2;2;0;0;0;1;0;3;1;13;0;0;0
6;10;0;0;0;1;2;5;0:07:40;1;3;1;1;0;1;3;0;3;1;13;14;0;0
7;8;0;0;0;1;1;3;0:13:40;3;18;2;1;1;1;7;0;3;1;13;5;3;0
9;7;1;0;1;1;2;5;0:09:11;3;14;2;0;1;1;4;0;3;1;13;0;0;0
14;13;0;0;0;2;1;2;0:05:43;1;4;2;0;0;0;1;1;3;1;13;0;0;0
15;14;1;1;0;1;1;2;0:09:42;3;0;0;1;0;1;1;0;3;1;13;8;1;0
19;17;1;1;0;2;1;3;0:14:32;3;19;2;0;0;0;1;0;3;1;13;0;0;0
19;17;2;1;-1;2;2;4;0:03:17;3;14;1;0;1;0;1;0;3;2;12;0;0;0
5;3;0;0;0;1;1;2;0:05:49;3;3;2;1;1;1;7;1;3;1;5;14;2;0
2;1;0;0;0;1;1;1;0:01:03;2;19;2;1;0;1;6;0;3;2;3;5;2;0
12;15;0;0;0;1;1;1;0:01:03;2;19;2;1;0;1;6;0;3;2;3;5;2;0
4;2;0;0;0;1;1;1;0:01:45;2;19;1;0;0;0;5;0;3;3;15;0;0;0
6;7;1;1;0;1;2;6;0:13:06;2;19;1;0;0;0;1;0;3;3;15;0;0;0
6;10;0;0;0;1;2;6;0:14:03;3;19;1;0;0;0;1;1;3;2;15;0;0;0
8;6;2;1;1;1;2;6;0:14:25;2;2;2;0;0;0;1;0;3;3;15;0;0;0
8;10;0;0;0;1;1;1;0:01:30;2;2;1;1;0;0;2;0;3;1;15;9;3;0
8;10;0;0;0;1;1;2;0:09:00;2;2;4;1;0;0;1;0;3;1;15;9;1;0
9;8;2;0;-1;2;1;2;0:05:52;2;2;1;0;0;0;1;0;3;3;15;0;0;0
12;13;2;3;-1;1;2;4;0:03:25;1;19;2;0;0;0;2;0;3;3;15;0;0;0
12;13;2;3;1;2;2;5;0:05:58;1;19;2;0;0;0;1;0;3;3;15;0;0;0
12;15;0;2;-1;1;1;3;0:14:39;2;19;1;0;0;0;1;0;3;3;15;0;0;0
13;15;0;1;-1;1;1;1;0:02:56;1;19;3;0;0;0;5;0;3;3;15;0;0;0
13;15;0;1;-1;1;1;1;0:04:58;1;19;1;0;0;0;5;0;3;3;15;0;0;0
13;15;0;1;1;2;1;3;0:14:32;2;19;2;0;0;0;4;0;3;3;15;0;0;0
2;3;0;0;0;2;1;3;0:13:10;2;2;2;0;0;0;3;0;3;3;15;0;0;0
16;17;0;0;0;1;2;5;0:09:51;2;19;1;0;0;1;2;0;3;3;15;0;0;0
1;5;0;0;0;2;1;3;0:10:00;2;3;1;2;0;0;1;0;3;1;14;9;1;0
3;4;0;1;-1;1;2;5;0:05:25;1;2;1;0;0;0;1;0;3;2;14;0;0;0
8;6;2;1;-1;2;2;6;0:11:42;2;2;3;0;0;0;1;0;3;2;14;0;0;0
8;10;0;0;0;1;2;6;0:14:20;2;2;1;1;0;1;3;0;3;1;14;11;1;0
9;7;1;0;1;1;2;6;0:16:20;3;14;2;0;1;0;1;0;3;1;14;0;0;0
9;8;3;1;1;1;2;6;0:14:28;1;3;1;0;0;0;5;0;3;2;14;0;0;0
10;9;0;1;-1;1;2;4;0:02:13;1;2;1;1;0;1;4;0;3;2;14;5;1;0
13;11;0;2;-1;1;2;4;0:03:16;1;2;1;0;0;0;3;0;3;2;14;0;0;0
14;13;2;1;1;1;2;6;0:11:36;2;2;1;0;0;1;1;0;3;2;14;0;0;0
3;4;0;0;0;1;1;2;0:05:25;1;2;1;0;0;0;1;0;3;2;14;0;0;0
13;11;0;1;1;2;1;2;0:08:57;1;19;1;0;0;0;1;0;3;2;14;0;0;0
2;3;0;1;1;2;2;6;0:11:02;3;8;2;0;1;0;1;1;3;1;13;0;0;0
3;4;0;1;-1;1;2;6;0:14:04;3;18;1;0;1;0;5;0;3;1;13;0;0;0
6;9;0;0;0;1;1;3;0:11:09;3;14;1;0;0;0;2;0;3;1;13;0;0;0
6;9;0;0;0;1;1;3;0:14:09;3;18;1;0;1;0;5;0;3;1;13;0;0;0
9;7;0;0;0;2;1;2;0:06:43;3;14;1;0;1;0;4;0;3;1;13;0;0;0
16;17;0;0;0;2;1;3;0:12:33;1;2;1;0;0;0;3;0;3;1;13;0;0;0
3;4;0;0;0;1;1;3;0:14:04;3;18;1;0;1;0;5;0;3;1;13;0;0;0
16;19;0;0;0;1;1;1;0:02:41;3;14;1;1;1;0;8;1;3;1;11;9;1;0
6;7;0;0;0;2;1;3;0:12:28;3;0;0;1;1;0;2;0;3;1;7;2;1;0
16;17;0;0;0;2;2;5;0:09:40;3;0;0;1;0;0;3;0;3;1;5;12;2;0
19;17;1;0;1;1;1;2;0:06:33;3;0;0;1;0;1;2;0;3;1;1;6;2;1
2;3;0;0;0;2;2;5;0:07:03;3;14;2;0;1;0;4;0;3;1;13;0;0;0
2;3;0;1;1;2;2;5;0:09:41;3;8;2;0;1;0;3;0;3;1;13;0;0;0
2;3;0;0;0;2;2;4;0:01:58;3;8;2;1;1;0;3;0;3;1;12;7;3;0
6;7;1;0;1;1;2;4;0:02:49;3;8;1;1;1;0;3;0;3;1;10;7;3;0
13;15;0;1;1;2;2;4;0:00:14;3;19;1;1;1;1;4;0;3;2;5;7;3;1
11;12;1;0;-1;2;1;2;0:09:00;1;1;3;1;1;0;1;0;3;1;4;11;3;1
11;15;1;0;-1;2;1;2;0:09:00;1;1;3;1;1;0;1;0;3;1;3;11;3;1
6;9;1;2;-1;1;2;6;0:13:46;1;2;1;1;0;1;4;0;4;1;1;5;2;0
11;14;4;0;-1;2;2;5;0:07:08;1;1;1;1;0;1;4;0;4;2;14;5;1;0
12;13;2;1;1;1;1;3;0:11:20;1;2;1;1;1;1;4;1;4;2;14;5;2;0
12;13;2;1;-1;2;1;3;0:10:43;1;2;1;1;0;1;3;1;4;1;5;14;1;0
13;15;2;1;-1;2;2;5;0:05:49;1;2;1;1;0;1;3;1;4;1;5;11;1;0
5;2;2;0;1;1;2;4;0:03:02;1;2;1;1;1;1;7;1;4;1;4;14;1;0
13;15;0;1;1;2;1;3;0:10:00;3;0;0;1;0;1;3;1;4;1;1;6;1;0
2;1;0;1;-1;1;1;3;0:10:34;1;9;1;1;1;1;3;1;4;1;9;9;1;0
7;10;0;0;0;2;2;6;0:14:22;3;14;1;1;0;0;1;0;4;1;9;7;3;1
12;15;0;1;-1;1;1;3;0:10:30;1;9;1;1;1;1;3;1;4;1;9;9;1;0
3;1;0;4;-1;1;2;6;0:13:02;1;9;2;1;1;1;3;1;4;1;8;7;2;1
5;3;0;0;0;1;2;5;0:07:57;3;0;0;1;0;1;1;0;4;2;5;9;1;0
9;7;0;0;0;2;1;2;0:08:37;3;0;0;1;0;1;3;1;4;1;5;6;1;1
11;14;3;0;-1;2;1;3;0:12:36;1;1;1;1;1;1;4;0;4;1;5;2;2;0
15;14;1;1;0;1;1;3;0:14:12;3;14;1;1;0;0;2;0;4;1;5;8;3;0
15;14;1;1;0;2;2;4;0:02:26;3;14;1;1;0;0;8;0;4;1;5;9;2;0
11;12;1;0;-1;2;1;2;0:06:00;1;0;0;1;0;1;3;0;4;1;5;12;1;0
11;14;4;0;1;1;2;6;0:11:11;2;2;1;1;0;1;1;1;4;1;5;8;1;0
11;15;1;0;-1;2;1;2;0:06:00;1;0;0;1;0;1;3;0;4;1;5;12;1;0
5;3;0;0;0;1;1;1;0:02:34;1;2;1;1;0;1;4;1;4;1;3;5;2;0
14;13;2;0;1;1;2;5;0:05:58;2;2;1;1;0;1;2;1;4;2;3;1;2;0
14;13;2;0;1;1;2;5;0:07:08;2;2;1;1;0;1;5;0;4;1;3;11;1;0
17;18;0;1;1;2;2;6;0:12:43;2;0;0;1;0;1;2;0;4;1;3;6;2;0
17;18;0;0;0;1;2;5;0:05:02;1;12;1;1;1;1;1;0;4;1;2;8;3;1
19;18;1;0;-1;2;2;5;0:06:05;1;16;1;0;0;1;5;0;4;1;13;0;0;0
19;18;2;0;-1;2;2;5;0:09:38;1;10;2;1;1;1;3;1;4;1;4;5;2;0
9;8;2;0;-1;2;2;6;0:12:28;3;3;1;1;0;1;2;0;4;1;2;7;3;1
6;10;0;0;0;2;1;2;0:08:59;1;19;1;1;1;0;2;0;5;2;14;5;1;0
1;5;1;0;1;1;2;6;0:13:00;3;0;0;1;1;1;2;0;5;2;10;6;1;0
4;5;1;0;1;1;1;2;0:08:11;1;14;2;0;1;0;3;1;5;1;10;0;0;0
1;4;0;0;0;2;2;5;0:08:30;3;0;0;1;1;0;3;0;5;1;9;6;1;0
1;4;0;0;0;2;1;2;0:08:50;1;1;2;1;1;1;1;1;5;1;8;12;1;0
5;2;2;0;1;1;2;6;0:13:48;1;2;1;1;0;0;2;0;5;1;8;9;1;0
6;7;1;1;0;1;2;6;0:11:29;2;19;4;1;1;0;6;1;5;1;8;9;2;0
7;8;0;0;0;2;1;3;0:11:37;3;0;0;1;1;1;8;1;5;1;8;6;1;0
19;18;0;0;0;2;1;2;0:07:45;3;0;0;1;1;0;2;1;5;1;8;6;1;0
12;13;2;2;0;1;2;4;0:01:42;1;19;2;1;1;1;8;1;5;1;8;2;2;1
6;10;0;0;0;2;2;6;0:12:16;1;19;1;1;1;1;2;1;6;2;15;6;1;0
10;9;0;1;-1;1;2;5;0:06:47;3;18;1;0;1;0;3;1;6;1;15;0;0;0
19;17;2;2;0;2;2;5;0:05:41;2;18;1;1;1;1;3;1;6;2;15;10;2;0
6;10;0;0;0;2;2;6;0:13:38;3;18;2;0;1;0;1;1;6;1;14;8;0;0
8;10;0;0;0;1;1;3;0:14:00;3;0;0;1;1;1;1;1;6;1;13;1;1;0
1;4;0;0;0;2;1;1;0:04:16;3;18;1;1;1;0;3;1;6;1;12;4;4;0
1;4;0;0;0;2;1;2;0:09:57;1;8;1;1;0;1;3;1;6;1;12;8;2;0
2;3;0;0;0;1;1;2;0:09:44;1;6;1;1;0;1;4;1;6;1;12;5;2;0
3;1;0;3;-1;1;2;5;0:07:15;1;3;1;1;1;1;3;1;6;1;12;9;3;0
4;2;0;0;0;1;1;1;0:04:02;1;2;2;1;0;1;4;1;6;1;12;5;1;0
5;3;0;0;0;1;2;5;0:06:38;2;2;1;1;0;1;4;1;6;1;12;1;2;0
6;7;0;0;0;1;1;3;0:11:05;1;3;1;1;0;0;5;1;6;1;12;11;1;0
9;8;2;0;1;1;1;2;0:07:12;3;0;0;1;0;1;3;1;6;1;12;6;1;0
11;14;2;0;-1;2;1;2;0:08:26;3;16;3;1;0;1;2;1;6;2;12;4;2;0
15;14;1;1;0;1;1;3;0:11:18;3;0;0;1;0;1;3;1;6;2;12;6;2;0
3;1;0;3;-1;1;1;3;0:14:14;1;2;2;1;0;1;8;1;6;1;12;9;1;0
16;17;0;0;0;2;2;4;0:00:16;1;2;1;1;1;1;3;1;6;1;12;9;2;0
16;17;0;0;0;1;2;6;0:12:07;1;19;1;1;1;1;4;1;6;1;12;6;2;0
1;4;0;0;0;2;1;2;0:08:07;1;19;1;1;0;1;8;1;6;1;11;3;1;0
6;10;0;0;0;2;1;3;0:10:55;1;6;1;1;1;0;3;1;6;2;11;9;1;0
7;8;0;0;0;2;2;4;0:01:20;2;2;3;1;0;1;4;1;6;2;11;5;1;0
7;10;0;0;0;2;1;2;0:07:10;1;5;2;1;0;1;3;1;6;1;11;6;1;0
8;6;0;0;0;1;1;1;0:03:20;1;12;1;0;0;1;7;1;6;1;11;0;0;0
8;6;0;0;0;1;1;1;0:04:20;2;0;0;1;1;1;2;1;6;1;11;9;2;0
8;10;0;0;0;1;1;3;0:10:40;2;3;1;1;1;1;4;1;6;1;11;12;3;0
9;8;2;0;1;1;2;4;0:04:36;1;2;1;1;1;1;2;1;6;1;11;6;2;0
11;12;2;1;-1;2;2;4;0:03:00;1;2;1;1;0;1;3;1;6;1;11;11;1;0
11;14;4;0;-1;2;2;4;0:00:21;1;2;1;1;0;1;5;1;6;2;11;12;1;0
12;15;0;2;1;2;1;3;0:14:21;3;0;0;1;0;1;2;1;6;1;11;6;1;0
12;15;0;2;1;2;2;5;0:09:26;3;0;0;1;0;1;2;1;6;1;11;12;1;0
17;18;0;0;0;2;1;1;0:02:30;1;17;1;1;0;1;5;1;6;1;11;7;1;0
19;17;0;0;0;2;1;1;0:01:39;3;6;3;1;1;1;2;1;6;1;11;8;2;0
2;3;0;0;0;2;1;3;0:14:58;2;19;3;1;0;1;5;1;6;2;11;14;1;0
11;15;2;1;-1;2;2;4;0:03:00;1;2;1;1;0;1;3;1;6;1;11;11;1;0
12;13;2;2;0;1;1;3;0:15:00;2;2;1;1;0;1;5;1;6;1;11;11;2;0
3;1;0;3;-1;1;2;5;0:07:52;3;18;1;1;1;1;3;1;6;1;10;7;1;0
5;3;1;0;1;1;2;6;0:13:53;2;0;0;1;1;1;2;1;6;1;10;9;2;0
7;10;0;0;0;2;2;6;0:11:12;1;13;1;1;1;0;2;1;6;1;10;4;3;0
11;12;2;1;1;1;2;5;0:05:10;3;0;0;1;1;0;4;1;6;1;10;6;1;0
11;12;2;1;-1;2;2;6;0:10:00;1;6;1;1;1;0;3;1;6;2;10;6;1;0
11;14;2;0;1;1;1;2;0:07:14;3;0;0;1;1;0;3;1;6;1;10;14;2;0
11;15;2;1;1;1;2;5;0:05:10;3;0;0;1;1;0;4;1;6;1;10;6;1;0
12;13;2;3;-1;1;2;4;0:04:48;1;13;1;1;1;1;2;1;6;1;10;12;1;0
12;13;2;5;1;2;2;6;0:13:32;1;0;0;1;1;0;8;1;6;1;10;16;2;0
11;15;2;1;-1;2;2;6;0:10:00;1;6;1;1;1;0;3;1;6;2;10;6;1;0
12;13;2;1;1;1;1;3;0:12:24;2;0;0;1;1;0;8;1;6;1;10;12;1;0
5;2;2;0;-1;2;1;3;0:11:52;3;0;0;1;1;1;8;1;6;1;9;12;2;1
5;3;0;0;0;2;2;6;0:12:30;2;3;1;1;1;0;2;1;6;1;9;8;2;1
10;9;0;0;0;1;1;3;0:15:06;2;2;2;2;1;1;4;1;6;1;9;5;1;1
19;18;0;0;0;2;2;4;0:01:10;3;0;0;1;1;1;2;1;6;1;9;8;1;1
16;19;0;0;0;1;2;6;0:15:06;2;2;2;2;1;1;4;1;6;1;9;5;1;0
3;1;0;3;-1;1;2;6;0:12:10;1;2;1;1;0;1;4;1;6;1;8;6;2;1
12;13;2;4;-1;1;2;6;0:12:25;2;9;2;1;1;1;4;1;6;1;8;8;2;1
6;10;0;0;0;1;2;5;0:09:22;3;0;0;1;0;1;3;1;6;1;7;12;1;0
13;15;2;1;-1;2;2;6;0:12:30;1;6;1;1;1;1;3;1;6;1;7;12;1;0
12;13;0;1;-1;1;1;1;0:02:09;1;19;2;1;1;1;3;1;6;1;6;12;1;1
6;7;1;0;1;1;2;6;0:10:38;2;1;1;1;0;1;4;1;6;1;5;5;2;1
13;11;0;3;1;2;2;6;0:14:10;3;0;0;1;1;1;2;1;6;1;5;8;2;1
14;13;0;0;0;2;1;2;0:06:46;1;2;2;1;1;1;1;1;6;2;5;8;2;1
4;2;0;0;0;1;1;2;0:08:28;2;11;1;1;1;1;2;1;6;1;4;5;1;1
7;8;0;1;1;2;2;6;0:10:29;2;19;1;1;1;1;4;1;6;1;4;6;2;1
15;14;1;0;1;1;1;2;0:05:25;1;0;0;1;1;1;2;1;6;2;4;9;2;1
4;5;1;0;-1;2;2;4;0:03:40;1;2;1;1;0;1;2;1;6;2;3;8;1;1
6;7;0;0;0;2;2;4;0:00:40;1;2;1;1;0;1;4;1;6;1;3;5;1;1
7;10;0;0;0;2;2;6;0:12:27;1;2;2;1;0;1;2;1;6;1;3;9;1;0
9;7;1;0;1;1;2;5;0:05:06;1;1;1;1;0;1;1;1;6;1;3;6;1;0
14;13;2;0;1;1;2;5;0:09:44;3;0;0;1;1;1;2;1;6;1;3;8;1;1
18;16;1;1;0;1;2;4;0:03:19;1;1;2;1;1;1;2;1;6;1;3;9;3;1
19;17;2;2;0;1;2;4;0:04:51;3;18;2;1;1;1;2;1;6;1;3;5;3;1
3;1;0;0;0;1;1;2;0:07:43;1;7;1;1;0;1;2;1;6;1;3;9;1;1
11;12;0;0;0;2;1;1;0:02:30;1;3;1;1;0;1;3;1;6;1;3;11;2;1
11;14;4;0;1;1;2;6;0:12:08;2;2;1;1;0;1;5;1;6;1;3;11;1;1
11;15;0;0;0;2;1;1;0:02:30;1;3;1;1;0;1;3;1;6;1;3;11;2;1
18;16;0;0;0;2;1;2;0:07:30;3;14;1;1;1;1;3;1;6;1;3;12;1;1
9;8;0;0;0;2;1;1;0:02:31;2;6;1;1;0;0;4;1;6;2;2;7;1;1
18;16;1;2;-1;1;2;6;0:11:49;2;0;0;1;0;1;3;1;6;1;2;11;1;0
19;17;0;0;0;2;1;1;0:04:27;3;3;1;1;1;1;2;1;6;3;2;5;3;1
1;5;1;0;-1;2;2;6;0:14:00;2;3;1;1;0;1;2;1;6;1;1;9;3;1
2;3;0;0;0;1;2;5;0:08:02;1;2;1;1;0;1;4;1;6;1;1;6;2;1
3;4;0;1;-1;1;2;6;0:14:29;1;2;1;1;0;1;2;1;6;1;1;9;2;1
6;9;1;1;0;2;2;5;0:09:45;2;2;1;1;0;1;1;1;6;2;1;9;1;1
7;8;1;1;0;2;2;6;0:12:01;1;11;1;1;0;1;7;1;6;1;1;10;1;1
8;6;0;1;1;2;2;4;0:03:03;1;3;1;1;1;1;2;1;6;1;1;9;2;1
15;14;1;1;0;1;2;4;0:02:35;2;2;2;1;0;1;4;1;6;1;1;5;1;1
3;4;0;0;0;1;1;3;0:14:29;1;2;1;1;0;1;2;1;6;1;1;9;2;1
6;9;0;0;0;1;1;2;0:09:56;2;2;1;1;0;1;1;0;7;2;14;8;1;0
2;1;0;1;-1;1;2;5;0:09:08;1;2;1;1;0;1;4;1;7;2;14;5;1;0
12;13;2;3;-1;1;2;5;0:06:13;1;13;1;1;0;1;4;0;7;2;14;5;2;0
1;5;0;0;0;2;1;3;0:12:00;1;2;1;1;0;1;1;0;7;1;13;8;3;0
19;17;0;0;0;2;1;1;0:03:15;1;5;2;1;0;1;3;0;7;2;11;10;3;0
5;3;0;0;0;1;2;5;0:07:54;1;2;2;1;0;1;1;0;7;2;14;8;1;0
7;8;0;0;0;2;1;1;0:02:02;2;2;2;1;0;1;4;0;7;2;14;6;1;0
8;10;0;0;0;1;2;6;0:14:40;1;2;1;1;0;1;3;1;7;1;14;11;1;0
11;14;4;0;-1;2;2;4;0:02:43;1;2;1;1;0;1;1;1;7;2;14;5;1;0
11;14;4;0;-1;2;2;6;0:11:34;3;19;1;1;1;1;1;0;7;2;14;8;1;0
19;17;2;2;0;2;2;5;0:05:17;1;2;1;1;0;1;1;0;7;2;14;8;1;0
19;17;2;2;0;2;2;5;0:09:06;2;2;2;1;0;1;1;0;7;1;11;8;1;0
6;10;0;0;0;1;2;6;0:15:27;3;13;1;1;0;1;3;0;7;1;3;13;1;0
17;18;0;1;1;2;2;6;0:14:56;2;2;2;1;0;1;4;0;7;1;1;5;1;0
5;3;0;0;0;2;1;1;0:04:26;3;0;0;1;0;1;1;0;7;3;15;9;1;0
8;6;0;0;0;2;1;1;0:01:07;1;19;1;1;0;1;2;1;7;2;14;1;1;0
9;7;1;0;1;1;2;6;0:10:10;2;2;1;1;0;1;4;1;7;2;14;5;1;0
13;15;0;1;1;2;1;3;0:11:04;2;19;2;1;0;1;3;0;7;2;14;9;2;0
2;1;0;1;-1;1;2;4;0:01:10;2;19;3;1;0;0;2;0;7;1;13;1;2;0
8;6;2;1;1;1;2;5;0:09:58;1;0;0;1;0;1;3;0;7;1;13;13;2;0
11;12;3;1;-1;2;2;6;0:14:50;1;2;1;1;0;1;1;0;7;2;3;8;3;0
11;15;3;1;-1;2;2;6;0:14:50;1;2;1;1;0;1;1;0;7;2;3;8;3;0
8;6;1;1;0;2;2;5;0:07:11;2;2;1;1;0;1;5;0;7;1;3;11;1;1
11;14;1;0;-1;2;1;1;0:03:06;2;2;1;1;0;1;5;0;7;2;3;11;1;1
12;13;2;4;-1;1;2;6;0:10:05;1;2;2;1;0;1;4;0;7;2;2;6;1;1
12;13;0;1;-1;1;1;1;0:04:35;2;2;1;1;0;1;1;0;7;1;2;8;2;1
11;12;3;1;-1;2;2;6;0:15:00;1;13;1;1;0;1;1;0;7;3;12;11;1;0
3;1;0;0;0;1;1;2;0:06:57;1;2;2;1;0;0;4;0;7;1;12;9;2;0
5;3;0;0;0;2;1;3;0:10:01;3;0;0;1;0;1;1;0;7;2;12;8;1;0
11;15;3;1;-1;2;2;6;0:15:00;1;13;1;1;0;1;1;0;7;3;12;11;1;0
13;15;2;1;-1;2;2;6;0:13:24;2;19;1;1;0;1;4;0;7;2;10;5;1;0
19;17;1;1;0;2;2;4;0:00:29;1;6;1;1;0;1;2;0;7;2;9;5;2;1
14;13;1;0;1;1;1;3;0:13:15;2;19;1;1;0;1;1;0;7;1;8;8;3;1
13;11;0;2;-1;1;2;5;0:08:24;2;19;1;1;0;1;4;0;7;2;6;6;2;1
12;13;1;1;0;1;1;2;0:09:35;1;2;2;1;0;1;1;1;7;2;4;8;2;1
2;3;0;1;-1;1;2;6;0:14:06;2;2;2;1;0;1;5;0;7;2;3;11;1;1
11;14;2;0;-1;2;1;2;0:08:50;2;2;1;1;0;1;1;1;7;2;3;8;1;1
13;15;0;0;0;1;1;1;0:00:31;1;19;2;1;0;1;1;1;7;2;3;12;1;1
15;14;0;0;0;2;1;1;0:03:20;1;2;1;1;0;1;1;0;7;2;3;8;1;1
3;1;0;1;-1;1;1;3;0:10:46;1;2;1;1;0;1;5;1;7;2;3;11;1;1
4;5;0;0;0;2;1;2;0:06:53;2;2;1;1;0;1;1;0;7;2;2;12;1;1
12;15;0;2;-1;1;2;6;0:12:11;1;2;2;1;0;1;1;0;7;2;2;8;1;1
11;14;0;0;0;2;1;1;0:02:00;2;0;0;1;0;1;1;0;7;1;1;8;2;1
13;11;0;1;-1;1;1;3;0:11:35;1;19;2;1;0;1;4;1;7;2;1;6;2;1
19;18;2;0;-1;2;2;6;0:13:02;2;1;1;1;0;1;4;1;7;2;1;5;1;1
3;1;0;2;-1;1;1;3;0:12:56;2;0;0;1;0;1;2;0;7;1;1;1;1;1
11;15;2;1;1;1;1;3;0:11:00;1;2;1;0;0;1;3;0;8;1;14;0;0;0
16;19;0;0;0;2;1;2;0:08:21;3;0;0;0;0;0;1;1;8;2;14;0;0;0
11;12;2;1;1;1;1;3;0:11:00;1;2;1;0;0;1;3;0;8;1;14;0;0;0
11;12;2;1;-1;2;2;5;0:07:00;1;2;1;0;0;1;1;0;8;1;13;0;0;0
11;12;2;1;-1;2;2;5;0:08:00;1;2;1;0;0;0;3;1;8;1;13;0;0;0
11;15;2;1;-1;2;2;5;0:07:00;1;2;1;0;0;1;1;0;8;1;13;0;0;0
11;15;2;1;-1;2;2;5;0:08:00;1;2;1;0;0;0;3;1;8;1;13;0;0;0
16;19;0;0;0;1;1;1;0:04:13;2;2;1;1;0;1;1;0;8;2;14;9;1;0
11;12;2;1;-1;2;2;5;0:06:00;1;2;1;0;0;0;1;1;8;1;15;0;0;0
11;15;2;1;-1;2;2;5;0:06:00;1;2;1;0;0;0;1;1;8;1;15;0;0;0
6;10;0;0;0;1;2;4;0:04:38;1;19;1;1;0;0;3;0;8;2;11;14;0;0
7;8;0;0;0;2;1;1;0:03:39;1;19;1;0;0;0;2;0;8;3;15;0;0;0
17;18;0;0;0;1;1;3;0:13:46;1;2;1;0;0;1;3;0;8;3;15;0;0;0
16;17;0;0;0;2;2;6;0:13:19;1;1;2;0;0;0;2;0;8;3;15;0;0;0
19;17;2;1;-1;2;2;4;0:04:07;2;19;1;1;0;1;2;0;8;2;13;5;2;0
3;1;0;3;1;2;1;3;0:13:51;1;19;1;0;0;0;5;0;9;3;15;0;0;0
3;1;0;3;1;2;2;4;0:04:59;3;19;2;0;0;0;1;0;9;3;15;0;0;0
6;9;0;0;0;1;1;3;0:15:29;3;19;1;0;0;0;1;0;9;3;15;0;0;0
8;10;0;0;0;1;1;2;0:09:40;3;3;3;1;0;0;2;0;9;1;15;12;1;0
9;7;1;0;-1;2;2;6;0:13:27;3;19;1;0;0;0;4;0;9;3;15;0;0;0
13;15;0;1;-1;1;1;3;0:11:39;3;19;1;0;0;0;5;0;9;3;15;0;0;0
1;4;0;0;0;1;1;2;0:09:41;1;19;1;0;0;0;5;0;9;2;14;0;0;0
3;4;0;1;-1;1;2;5;0:05:47;1;2;3;0;0;0;4;0;9;2;14;0;0;0
4;2;0;1;1;2;2;6;0:14:33;3;2;1;0;0;0;4;0;9;2;14;0;0;0
6;10;0;0;0;1;1;2;0:08:23;3;19;1;0;0;0;2;0;9;2;14;0;0;0
7;8;2;1;-1;2;2;6;0:14:57;1;2;2;0;0;0;2;0;9;2;14;0;0;0
9;7;0;0;0;1;1;2;0:05:55;1;2;3;0;0;0;5;0;9;2;14;0;0;0
9;8;2;0;-1;2;1;2;0:07:38;1;2;3;0;0;0;4;0;9;2;14;0;0;0
10;9;0;1;1;2;2;5;0:07:05;3;19;2;0;0;0;6;0;9;2;14;0;0;0
12;13;0;0;0;2;1;1;0:01:53;3;2;3;0;0;0;5;0;9;2;14;0;0;0
15;14;2;1;1;1;2;4;0:03:55;3;19;1;0;0;0;2;0;9;2;14;0;0;0
16;19;0;0;0;1;1;3;0:13:35;1;2;1;0;0;0;1;0;9;2;14;0;0;0
3;4;0;0;0;1;1;2;0:05:47;1;2;3;0;0;0;4;0;9;2;14;0;0;0
4;5;2;0;1;1;2;5;0:05:21;1;2;2;0;0;0;1;0;9;1;14;0;0;0
18;16;0;0;0;2;1;1;0:03:38;2;19;2;0;0;0;1;0;9;2;14;0;0;0
18;16;0;0;0;2;1;2;0:05:12;3;19;1;0;0;0;1;0;9;2;14;0;0;0
19;18;1;0;1;1;2;4;0:04:48;3;0;0;0;0;0;5;0;9;2;14;0;0;0
4;5;1;0;-1;2;1;3;0:12:05;1;3;1;0;0;0;3;0;9;1;13;0;0;0
10;9;0;2;1;2;2;6;0:11:28;1;19;1;0;0;0;2;0;9;1;13;0;0;0
1;4;0;0;0;2;2;4;0:04:39;1;19;1;0;0;0;6;0;9;1;13;0;0;0
1;4;0;0;0;2;2;5;0:07:07;3;0;0;1;0;0;4;0;9;1;13;12;2;0
19;17;2;1;1;1;2;4;0:04:25;3;0;0;1;0;0;1;0;9;1;9;16;1;0
13;11;0;2;1;2;2;4;0:03:47;3;19;2;0;0;0;5;0;9;2;14;0;0;0
16;19;0;0;0;1;1;3;0:16:26;1;2;1;1;1;0;1;0;10;1;3;7;3;0
19;18;0;0;0;1;1;2;0:09:41;1;2;1;1;0;1;5;0;10;1;1;11;1;0
8;10;0;0;0;1;2;6;0:11:00;2;2;2;1;0;0;1;0;10;1;15;6;2;0
3;1;0;0;0;2;1;1;0:04:04;3;18;1;1;0;0;2;0;10;1;15;6;2;0
5;2;0;0;0;2;1;1;0:01:06;3;14;1;1;0;0;2;0;10;1;15;6;2;0
7;8;0;0;0;2;1;3;0:11:58;3;14;1;0;0;0;2;0;10;1;15;0;0;0
1;4;0;0;0;2;1;3;0:11:16;3;18;1;1;0;0;3;0;10;1;14;12;1;0
1;4;0;0;0;1;2;4;0:03:13;3;18;2;0;0;0;2;0;10;1;14;0;0;0
1;5;1;0;-1;2;2;6;0:11:00;2;2;2;1;0;1;1;0;10;1;14;8;3;0
2;1;0;1;-1;1;2;5;0:05:02;3;18;1;0;0;0;3;0;10;1;14;0;0;0
2;1;0;1;-1;1;2;5;0:06:19;3;18;1;0;0;0;2;0;10;1;14;0;0;0
2;1;0;1;1;2;2;5;0:09:51;1;2;1;1;0;1;3;0;10;2;14;6;2;0
2;1;0;1;1;2;2;6;0:10:16;3;14;1;0;0;0;3;0;10;2;14;0;0;0
2;1;0;1;1;2;2;6;0:12:59;2;3;1;1;0;0;4;0;10;1;14;5;4;0
2;3;0;0;0;1;1;1;0:04:47;3;14;1;0;0;0;2;0;10;1;14;0;0;0
3;4;0;0;0;2;1;2;0:07:00;3;14;1;1;0;0;2;0;10;1;14;5;3;0
3;4;0;1;1;2;2;5;0:07:00;3;14;1;1;0;0;2;0;10;1;14;5;3;0
5;2;2;0;-1;2;2;6;0:12:57;3;14;1;0;0;0;3;0;10;1;14;0;0;0
5;3;0;0;0;1;2;4;0:04:31;3;8;1;1;0;0;3;0;10;1;14;8;3;0
6;9;0;0;0;1;1;2;0:06:00;3;18;1;1;0;0;3;0;10;1;14;12;1;0
6;9;0;0;0;1;1;3;0:10:51;3;1;1;0;0;0;2;0;10;1;14;0;0;0
7;8;0;0;0;2;2;4;0:03:17;3;14;1;0;0;0;2;0;10;1;14;0;0;0
8;6;0;1;-1;1;1;2;0:08:27;3;14;1;0;0;0;8;0;10;1;14;0;0;0
9;8;1;0;1;1;1;1;0:04:13;3;14;1;1;0;0;3;0;10;1;14;13;1;0
10;9;0;0;0;2;1;1;0:01:08;3;14;1;0;0;0;2;0;10;1;14;0;0;0
10;9;0;0;0;1;1;2;0:08:57;3;18;1;0;0;0;3;0;10;1;14;0;0;0
13;11;0;3;1;2;2;6;0:11:51;3;14;2;1;0;0;3;0;10;1;14;12;1;0
13;11;1;3;-1;1;2;6;0:15:11;3;18;1;0;0;0;3;0;10;1;14;0;0;0
13;15;0;1;1;2;1;1;0:04:05;1;8;1;0;0;0;5;0;10;1;14;0;0;0
15;14;1;0;1;1;1;1;0:04:58;3;18;2;0;0;0;3;0;10;1;14;0;0;0
19;18;0;0;0;2;1;2;0:08:31;3;14;1;0;0;0;3;0;10;1;14;11;0;0
19;18;0;0;0;2;1;3;0:13:03;3;18;1;0;0;0;2;0;10;1;14;0;0;0
19;18;0;0;0;2;2;4;0:00:30;3;14;1;0;0;0;2;0;10;1;14;0;0;0
19;18;1;0;-1;2;2;4;0:02:10;3;14;1;0;0;0;2;0;10;1;14;0;0;0
1;4;0;0;0;2;2;5;0:08:50;3;18;1;0;0;0;2;0;10;1;14;0;0;0
2;3;0;0;0;2;1;3;0:13:34;3;18;2;0;0;0;2;0;10;1;14;0;0;0
16;19;0;0;0;1;2;5;0:08:57;3;18;1;0;0;0;3;0;10;1;14;0;0;0
1;4;0;0;0;2;1;1;0:03:04;3;18;2;0;0;0;3;0;10;1;13;0;0;0
1;4;0;0;0;2;1;3;0:10:50;3;18;1;0;0;0;3;0;10;1;13;0;0;0
3;1;0;0;0;2;1;1;0:03:51;3;18;1;0;0;0;3;0;10;1;13;0;0;0
5;2;1;0;-1;2;1;2;0:08:03;1;19;2;1;0;0;4;0;10;1;13;5;2;0
6;10;0;0;0;1;2;4;0:03:24;3;14;1;0;0;0;2;0;10;2;13;8;0;0
9;8;2;0;1;1;2;6;0:10:35;1;2;1;1;0;1;5;1;10;2;13;11;1;0
10;9;0;0;0;2;1;3;0:14:56;3;18;1;0;0;0;1;0;10;1;13;0;0;0
12;13;0;0;0;2;1;1;0:01:38;3;14;1;0;0;0;2;0;10;1;13;0;0;0
13;15;2;1;-1;2;2;6;0:11:09;3;18;1;0;0;0;3;0;10;1;13;0;0;0
17;18;0;0;0;1;1;1;0:04:47;1;3;1;1;0;1;5;0;10;1;13;14;1;0
3;1;0;1;-1;1;1;2;0:09:04;3;14;1;0;0;0;4;0;10;1;13;0;0;0
16;19;0;0;0;2;2;6;0:14:56;3;18;1;0;0;1;1;0;10;2;13;0;0;0
6;10;0;0;0;2;1;3;0:14:11;3;18;2;0;0;0;3;0;10;2;12;0;0;0
14;13;1;0;1;1;1;2;0:09:29;3;18;2;0;0;0;3;0;10;3;12;0;0;0
14;13;1;0;1;1;1;3;0:11:05;3;18;2;0;0;0;3;0;10;1;12;0;0;0
18;16;1;2;-1;1;2;5;0:05:48;3;14;1;1;0;0;3;0;10;1;12;11;3;0
4;5;1;0;1;1;2;4;0:02:58;3;18;2;0;0;0;2;0;10;1;12;5;4;0
16;19;0;0;0;1;2;5;0:06:46;1;2;1;1;0;0;8;0;10;1;11;9;1;0
6;10;0;0;0;2;1;1;0:04:52;3;15;1;1;0;0;2;0;10;1;10;6;1;0
14;13;2;1;-1;2;2;6;0:14:38;3;14;2;1;0;0;3;0;10;1;9;11;3;0
19;17;1;0;-1;2;1;2;0:05:27;3;14;1;0;0;0;3;0;10;1;5;11;0;0
2;1;0;1;-1;1;1;2;0:07:27;2;2;1;1;0;1;6;1;10;2;2;2;2;0
12;15;0;1;-1;1;1;2;0:07:17;2;2;1;1;0;1;6;1;10;2;2;2;2;0
15;14;1;1;0;1;1;2;0:09:36;3;14;1;1;0;0;2;0;10;1;2;8;3;0
1;4;0;0;0;2;2;6;0:11:50;3;0;0;1;0;0;2;0;10;1;2;6;1;0
19;18;2;0;1;1;2;6;0:12:40;2;0;0;1;0;1;4;0;10;1;2;5;1;0
14;13;2;0;1;1;2;4;0:04:39;3;8;2;1;0;0;3;0;10;3;1;11;1;0
